1,PTJK,ZXDS,DGWC@TY,KVHH,GWVB,Engineering,OZYW,CS,2011,F
2,EQXR,DSXN,QQJY@NA,SZSC,MUBJ,LAS,HUHB,Math,2017,M
3,UCOB,LUIN,NIQL@HG,KQWP,TDDU,LAS,NLFR,CS + Math,2010,F
4,CYEQ,BXSJ,KJGR@KO,MUZM,HWXS,Gies,HFZE,Business,2004,M
5,OAPP,DIPA,LHMJ@LH,QSPS,UEXS,LAS,AAOK,eco,2015,F
6,REEN,CBDX,GZLQ@BI,ZMPW,PUVK,Engineering,VBDF,CS,2006,F
7,XEKL,PXBL,ACAN@RL,OWDV,MRDH,LAS,BJWL,Math,2006,M
8,ZDEV,FXDI,JGZE@DP,MZMG,DNNF,LAS,FTQK,CS + Math,2018,M
9,YHVQ,FDOS,VWWJ@AS,RLIB,PTZW,Gies,YLES,Business,2000,M
10,LAZK,DGXA,YWXU@TX,JCIY,VXPA,LAS,AZPC,eco,2013,M
11,GJMR,FEWM,GHWW@MV,XRTC,OSEQ,Engineering,LRMX,CS,2007,M
12,FAGJ,KWJA,NJCS@JK,DRMG,JHSJ,LAS,KMEE,Math,2004,F
13,MYBG,IIEW,JOVI@VV,QKAO,OWWD,LAS,DNCR,CS + Math,2014,M
14,WXTB,LZZT,CYDK@IZ,UIZC,URKO,Gies,KESX,Business,2012,F
15,NWVX,OWBK,HNFX@UJ,RQSV,TKEJ,LAS,EHLT,eco,2018,M
16,KJNE,TOJI,ZFRL@HI,AKFM,GNXI,Engineering,QUPF,CS,2000,M
17,VBIA,RMCV,FJDH@BC,QKCS,MDES,LAS,XNNR,Math,2000,F
18,QBLB,WGOU,LPDN@IW,UHYQ,VKQH,LAS,USRX,CS + Math,2009,F
19,TCJZ,AFFE,JKDO@GG,JKHV,JLTO,Gies,ZXHR,Business,2015,M
20,WEPA,BZMI,EIBV@UP,LYAN,WHRW,LAS,RCZS,eco,2000,F
21,UEGT,UIKL,YVTG@GP,ZKOT,LHLT,Engineering,EIPV,CS,2002,F
22,KDUU,GXMS,UDEB@UT,CVHA,LDSK,LAS,UYLY,Math,2018,F
23,XFEQ,QFLX,SSRI@ZI,XZTS,PGLN,LAS,EJCQ,CS + Math,2010,M
24,CLHS,CFLN,BENE@PG,SYSZ,ASMW,Gies,ERCE,Business,2016,F
25,UEUN,MYQW,DJVJ@RZ,XDBE,IYCF,LAS,DANH,eco,2002,M
26,KRZD,OYMK,SHPZ@UQ,CIOJ,NOBG,Engineering,YRQI,CS,2006,M
27,FVSQ,ZTXJ,KGJU@LQ,YYVL,IFLZ,LAS,YSDM,Math,2006,M
28,FVWT,YUWM,CROS@ZR,CTQB,KGXK,LAS,QSHM,CS + Math,2016,M
29,XCMJ,QGSZ,RLJA@CP,MGIB,KLCD,Gies,IOAF,Business,2003,F
30,LXOS,KMDU,WCRO@ZS,TUHV,CDQM,LAS,UQJK,eco,2009,M
31,ZKYV,SPPI,HLLX@QT,URUO,QUUP,Engineering,SPRA,CS,2014,F
32,FLRV,ZGUV,GBYV@WT,VBOE,XIKZ,LAS,WSWI,Math,2018,F
33,LHLX,APKF,MTOV@NS,BLYN,IBIU,LAS,XXSJ,CS + Math,2015,F
34,LMLT,OJPR,VRVQ@YB,IBCU,NEDN,Gies,HUFR,Business,2015,F
35,LKTO,HDJA,PMJD@SZ,UNCK,JXDE,LAS,PHDG,eco,2002,F
36,ZKEG,SEVD,ROOX@ZV,NTBC,DVZU,Engineering,QQSZ,CS,2001,F
37,BVLI,WPGR,YTKR@MP,VWDO,HYNV,LAS,FNJJ,Math,2019,F
38,ICWN,LKAI,OZAF@MA,ZCEU,YWCL,LAS,PCSL,CS + Math,2002,F
39,MRFE,EXFY,EERM@OC,AGJZ,POYO,Gies,LDPG,Business,2002,M
40,NAGR,GFKO,SAPI@GB,HJXE,NYHB,LAS,MSRF,eco,2011,F
41,SNHR,UKGT,CJYA@ZY,YIWK,MTCP,Engineering,LRIJ,CS,2013,M
42,KAYT,CNXX,IGVL@YB,JUBI,BFES,LAS,HIUJ,Math,2018,F
43,NQMV,MMLU,HOMK@UG,WATS,BYKH,LAS,URTY,CS + Math,2013,F
44,RKUQ,WSND,GZFF@BU,UHBE,TIBZ,Gies,APMS,Business,2019,M
45,ZXZL,RKOM,ZNUU@LH,GXXF,IFKV,LAS,KFAA,eco,2007,F
46,XNWT,AOWQ,DOLF@TJ,HANZ,ATNN,Engineering,XKKE,CS,2009,M
47,TSKG,SMBZ,HJYP@VZ,WGDR,IEZE,LAS,JJFS,Math,2018,M
48,IKOO,DOWU,WNUN@BA,UDEZ,OWFV,LAS,USWF,CS + Math,2003,M
49,EKCR,HRUK,PFWA@DE,VZVK,JGGW,Gies,OFVV,Business,2002,F
50,AWCL,KICV,WICO@AQ,JGLS,RRII,LAS,TNZA,eco,2000,F
51,CKGD,IQWG,WAUX@SY,HAOK,ARIR,Engineering,IBTF,CS,2009,M
52,FYWZ,MITR,SPHW@IL,AZAO,TJJG,LAS,MAMX,Math,2013,F
53,ZQEO,HIVE,UIPM@ZA,UOMC,PEGP,LAS,BWAU,CS + Math,2008,M
54,LBQG,ZEIG,JSXW@UR,MVTD,PHQM,Gies,ROEY,Business,2015,M
55,YYXN,GOAY,VDSV@RY,MBCY,AISV,LAS,FHYP,eco,2005,F
56,BSVM,SZOI,HYIZ@BR,KMDO,GTIG,Engineering,RHAR,CS,2010,M
57,ZQND,VRPO,PPCY@SK,UUEH,QHEW,LAS,EGSP,Math,2018,M
58,ULVA,VNYF,ADOC@GO,HHXG,KADC,LAS,XLPI,CS + Math,2004,M
59,PJVL,EEZW,ATWF@AS,NKEB,WGPN,Gies,QRWF,Business,2004,F
60,MWAK,KOBV,EIGU@UQ,CCEM,FMRV,LAS,IHTI,eco,2004,M
61,UCNA,XGZI,IHVS@TP,BCMF,BTDQ,Engineering,RIID,CS,2011,F
62,UERP,SWUJ,UEUG@QR,VPOB,GRUM,LAS,BQTU,Math,2016,M
63,KTWM,WFIH,NORU@SV,SJFE,KHSW,LAS,ITNB,CS + Math,2006,M
64,MHGG,KMXY,UPDR@HC,ZPIU,OBSN,Gies,WZFG,Business,2002,M
65,RRHW,JBYG,ZVRN@GF,PMJV,KDUK,LAS,PHUP,eco,2016,F
66,WWFZ,IZMO,IXWM@EF,JPBB,SLAE,Engineering,VSAY,CS,2006,F
67,UTJM,IWKZ,DRCM@DB,OHAK,NYSN,LAS,HQIH,Math,2017,M
68,JXTH,NZHW,CCSB@NO,XYIH,FDPT,LAS,DWQT,CS + Math,2019,F
69,OWVS,VSWV,WENW@RG,BNAZ,SZOX,Gies,PLTA,Business,2001,M
70,YPAO,LBTG,QYOM@YV,VZJE,AHGQ,LAS,BBRX,eco,2010,F
71,TMPP,SKNA,JKSO@TG,RWKG,FKOU,Engineering,QFZQ,CS,2002,M
72,NOIV,UJIF,KDMF@PY,GPBD,UEFK,LAS,FOBL,Math,2016,F
73,DUWQ,CZQG,KYFE@BK,KPOL,AMXL,LAS,QMMK,CS + Math,2010,F
74,OWAG,POLX,ZYZZ@RF,RCLB,WJSN,Gies,KSQV,Business,2011,M
75,NMOA,CIHF,KKPJ@PX,QHVE,RWHM,LAS,VALQ,eco,2003,M
76,WYZF,EOHO,KLMD@JK,CIGH,WWII,Engineering,HSOB,CS,2012,M
77,XZTV,QNQI,GRVZ@AF,BXXV,QJVM,LAS,SIHJ,Math,2015,M
78,BVFW,RDKQ,AHOV@UJ,BNOW,JPIA,LAS,NQQY,CS + Math,2003,M
79,EFIF,DJGU,XRKV@SL,UCSC,ZZRC,Gies,OZHM,Business,2008,F
80,EFCW,VZMG,OEMZ@FV,FFFN,WUPU,LAS,SSXC,eco,2002,F
81,KLXX,BFBQ,OWVM@ID,MSMF,HEDG,Engineering,BCAS,CS,2003,F
82,WKHI,XGLL,XVVE@TT,XOQO,LFVD,LAS,EYKI,Math,2006,F
83,ACRJ,UYUO,ZHRG@CT,ZUCN,KYWN,LAS,DGMI,CS + Math,2003,F
84,AUHZ,JNMI,DPNB@LB,SOFX,XDPG,Gies,KSNY,Business,2006,M
85,XTPP,CBTI,TFKT@YR,YSAL,WEBE,LAS,MPTD,eco,2000,F
86,FTUR,UNLS,KTSQ@YV,EMFH,KLZZ,Engineering,CZCW,CS,2010,F
87,AMBB,RKPJ,IPJX@WO,OYAY,CVDT,LAS,TVVE,Math,2007,F
88,ZSRT,XFDC,IKWW@LG,POSP,LKBM,LAS,MQCY,CS + Math,2004,M
89,RLIZ,VFOP,MVFD@KM,YENY,TTLY,Gies,DAAB,Business,2008,F
90,IPFA,ANZO,CWEW@CJ,WEXQ,YSPQ,LAS,VWJV,eco,2002,M
91,QQFW,UNNV,STEJ@SI,XSOX,GBOV,Engineering,NITM,CS,2016,F
92,XWTE,RVPM,ODDE@IJ,YBQH,MDMT,LAS,DLTZ,Math,2015,M
93,EBDN,ZSYC,JXNA@FR,PTLO,XSYQ,LAS,KEZX,CS + Math,2019,M
94,SNCR,NKIE,MUWC@XN,KLYQ,ACBV,Gies,BKOL,Business,2014,M
95,TYXK,KYVO,RAAI@VS,XQFK,PMGV,LAS,FRLC,eco,2016,F
96,MABR,RWSJ,BGYX@CJ,CBAR,VJPG,Engineering,SADS,CS,2018,M
97,TNXJ,NDZW,TYCL@BB,CXLY,ZMSM,LAS,IKKK,Math,2016,M
98,CNTG,NVNP,FBFQ@VP,PRNV,NMIZ,LAS,MAQH,CS + Math,2007,M
99,OTBS,PWQH,KPOT@YD,DREN,CJJB,Gies,YBXO,Business,2016,M
100,UNWT,DDSI,NRSM@MA,XLIZ,QTLP,LAS,RYKI,eco,2012,M
101,VIVA,YZRD,TXLL@IE,OMFZ,FXMT,Engineering,ZNOE,CS,2017,M
102,FMFH,FEOU,MAAN@GE,KHHZ,DTOP,LAS,OMHN,Math,2010,F
103,MSBN,SFBM,BGMT@WH,HTTU,AJBW,LAS,FKDL,CS + Math,2005,M
104,FFIA,ANCB,QVWJ@VV,AIBM,VWNA,Gies,XDBS,Business,2001,M
105,KMAY,DOKP,DEQN@JY,OCQW,SKMJ,LAS,EVLU,eco,2010,M
106,FXWU,CGXD,JSAE@RC,ORIU,RNIG,Engineering,ZNSP,CS,2010,F
107,VNHT,GBLV,DQXO@QD,YOLL,WWVV,LAS,RKWG,Math,2008,M
108,FFAJ,VTUH,EXUK@AF,HXSD,DQIV,LAS,SDEX,CS + Math,2008,F
109,FUWH,QTJV,VQND@RP,QXIJ,QVDW,Gies,VCMY,Business,2017,F
110,LXNK,NTYY,KHMH@EO,SCZX,RDJB,LAS,QIFW,eco,2000,M
111,PCMX,EWEM,KLHW@BO,ORNO,FFKK,Engineering,GFUZ,CS,2005,F
112,YREG,QWNY,OLQE@AR,MHIF,IBXA,LAS,QDUL,Math,2004,F
113,BJML,ZNAJ,QZTO@UL,QHVP,LTXX,LAS,GQNW,CS + Math,2011,F
114,WYOD,RGTR,MEXZ@VL,SZBE,IUZJ,Gies,CVMS,Business,2018,M
115,OBNY,TDJY,YQPS@OY,USXO,SFFN,LAS,KGPH,eco,2004,M
116,MBZB,NEAZ,JYOA@AQ,DTPA,CJVL,Engineering,LNUL,CS,2005,M
117,YFQS,ORIZ,WZLB@JN,BPSL,DPUZ,LAS,WGSZ,Math,2019,F
118,VJSN,FSBS,ZMTI@JI,JNQS,SFPY,LAS,QZNH,CS + Math,2007,F
119,ILBF,SACX,CAMJ@LV,ADAU,DAFU,Gies,ZOMV,Business,2001,F
120,FOWQ,BWYJ,OHHT@FJ,TKCA,PTVC,LAS,MJDB,eco,2001,M
121,PWTU,RXSR,HWPQ@SF,IDSY,ZXXP,Engineering,CYIU,CS,2002,F
122,OFNQ,NTGU,HBVD@TM,YGLH,KTJI,LAS,VNDR,Math,2013,M
123,CTMS,PLMA,TVYS@VX,OKTO,BELQ,LAS,CYLY,CS + Math,2018,F
124,LREZ,RFUD,DIJE@UW,CFTY,BCSQ,Gies,SEIW,Business,2005,F
125,GADU,QRYG,JPON@LK,RWLY,PAWF,LAS,SSAX,eco,2014,M
126,PYPS,DHFT,DPJO@CX,SRBM,DKIV,Engineering,YGNN,CS,2016,F
127,FWMP,BIFT,BGVK@EN,WDKG,QZFY,LAS,BJNT,Math,2016,M
128,WTNL,FVIO,IAXG@QC,WUFD,GMRN,LAS,MQFL,CS + Math,2015,M
129,SQMH,DEVQ,PAYR@CS,RGZJ,EYRM,Gies,ZRXJ,Business,2011,M
130,XQNF,RQED,PUXS@OZ,FHGW,AJEF,LAS,RJTO,eco,2010,F
131,PGEL,XZNN,GHFE@CQ,HATK,NLQY,Engineering,LTXX,CS,2012,F
132,QKXP,XTNI,MIAR@DN,ZGMG,XEAB,LAS,PWTS,Math,2001,M
133,UQBY,IVAI,QYZY@SA,NRBO,LLDN,LAS,JSUV,CS + Math,2017,F
134,KHAV,QEUN,BSOH@TM,QUHM,NPUV,Gies,HDGU,Business,2004,M
135,WDTS,VODT,HAZG@AQ,NPUW,ERZX,LAS,OATD,eco,2010,M
136,HVQL,NUEM,ZNXZ@DF,BJJA,IMZR,Engineering,FZIO,CS,2018,M
137,UJGS,UDYA,KAQO@BM,XANU,QNQT,LAS,WLTP,Math,2009,M
138,JRRM,WPLJ,LDUZ@WG,ZPMP,PNAH,LAS,ABON,CS + Math,2008,F
139,WTBI,ZZIR,SRSO@BS,GNJR,HZKU,Gies,PCSL,Business,2003,F
140,HARN,SXMK,QCNX@JN,SSXB,SVJE,LAS,NPFX,eco,2014,M
141,FBAM,PXWO,JPTT@AZ,FEGQ,CALB,Engineering,EOBN,CS,2017,M
142,NCBV,WXJF,ZYTN@LJ,XBCN,JJQE,LAS,KXHC,Math,2013,F
143,JHUB,XJZJ,THUI@AY,TSPX,WDOH,LAS,YNRW,CS + Math,2004,F
144,QANQ,KFCN,JRPL@ZB,QIFW,GOGK,Gies,ILIK,Business,2017,F
145,PNAB,HIQA,CEWW@AH,GKZL,ACBG,LAS,QXWE,eco,2016,M
146,LRSL,IGFP,NKYL@BE,QQEJ,IPCO,Engineering,ZUBF,CS,2008,M
147,OBYW,FVDB,DHSV@YB,VKWG,DGXV,LAS,EYYM,Math,2004,M
148,DJMO,LGFC,CGCW@HW,XJBL,AQPE,LAS,CCQQ,CS + Math,2009,M
149,GJLX,AZWT,GILU@EV,QQMK,VQOO,Gies,TGKJ,Business,2011,M
150,LLIF,QDWL,JVPF@IT,TWCF,WOHU,LAS,WVKN,eco,2014,M
151,VZWV,YNPU,EVJV@AK,BLZQ,PZSC,Engineering,XLLY,CS,2001,M
152,GSGJ,KVUZ,LRQA@BA,KGUT,YRLP,LAS,RODK,Math,2007,M
153,ASDD,BWQC,NJGN@CM,XRSX,TQKV,LAS,SMSL,CS + Math,2018,M
154,CDMP,BBHA,HDQL@IE,PGIY,CSOW,Gies,LSAI,Business,2002,F
155,QBOQ,YTFL,JIKW@HH,XUZR,BMXV,LAS,WYOC,eco,2009,M
156,ZGIY,JZMW,MBUB@YN,XUCN,JZGK,Engineering,KBFX,CS,2012,M
157,JPRR,QRQX,YUVR@IC,JNEN,ALCI,LAS,IRTI,Math,2012,F
158,SOKV,GGLL,IGJV@RK,OHYY,YTIF,LAS,NLJC,CS + Math,2001,M
159,SGWW,NMAU,QRFY@LX,FJQF,FHPN,Gies,JONN,Business,2004,M
160,WOOJ,KMJJ,QIGF@EJ,BVYE,AXJD,LAS,VPRN,eco,2000,M
161,LUZO,VKWH,LCCC@DM,PFNO,MOZQ,Engineering,FCDZ,CS,2018,M
162,XLSM,RMKA,IJTC@KQ,NXFE,JABK,LAS,GVRH,Math,2015,F
163,BAHO,FEMY,NSMP@RP,QWYG,GKOZ,LAS,MUPX,CS + Math,2011,F
164,KDVZ,WOMU,FWNG@NV,QFLU,RCUM,Gies,HLPB,Business,2003,M
165,XJBC,PULZ,XUQF@EH,QNSM,LXHR,LAS,OZOY,eco,2019,M
166,IMST,XNEE,SFJR@ZH,QCZN,HBMF,Engineering,AXLO,CS,2008,M
167,JCKX,WNPE,SPLI@CC,TACD,MUKG,LAS,XFOM,Math,2010,F
168,TUJV,DEOM,UHQL@GB,NJHG,COXH,LAS,YGBX,CS + Math,2017,F
169,CHUZ,JYGQ,ZFMO@PB,VQFC,YEQG,Gies,SFLC,Business,2017,F
170,RGJD,WJMZ,AWOA@ND,NBPE,OBYK,LAS,YTCV,eco,2013,F
171,WHML,DDJW,GGRT@LP,HUWS,AKIY,Engineering,QZAM,CS,2019,F
172,ZTSA,GLLG,DHTX@NM,FJAV,ALZY,LAS,HDAW,Math,2012,F
173,DXSU,DOMQ,CQQN@PJ,JNZX,TYJB,LAS,AWVB,CS + Math,2000,F
174,YHBG,VHBO,CZJM@KM,RILL,LNYI,Gies,LJFU,Business,2016,M
175,FFEY,IOSG,OUBD@IC,WPWD,HUZR,LAS,HGGQ,eco,2017,M
176,ZIDT,IPOD,NTZD@JE,JUYA,JMUR,Engineering,CYNM,CS,2017,M
177,SZVM,XNVZ,DKZU@MD,HWJQ,GYGG,LAS,BQHL,Math,2018,M
178,WQCQ,JQUG,EITL@GK,EEPR,YHTV,LAS,AELL,CS + Math,2016,F
179,URXQ,NYMM,FULX@YY,EBLS,ISLI,Gies,IVUG,Business,2000,F
180,KAIT,RXKK,QHTW@JI,MHIZ,ZNMC,LAS,XBLX,eco,2000,M
181,CYSM,SLZD,URTU@ZY,KSAB,NPVQ,Engineering,DAFQ,CS,2010,F
182,VFIE,APPD,RVFF@FA,RKJF,SBTA,LAS,UQTE,Math,2013,M
183,SYVW,RENK,VXZZ@MY,NLJB,GYAB,LAS,TPMG,CS + Math,2019,M
184,HBHW,GEKU,ONXG@OT,NYGA,AZHI,Gies,UTAO,Business,2011,F
185,TARU,CAUW,XTYJ@YE,DVJR,JTTQ,LAS,XKVN,eco,2019,F
186,XDHP,OQLA,TXAU@LY,YSHW,TDUS,Engineering,BBDH,CS,2008,M
187,CHKT,ZAGP,EJYQ@QG,RLXA,AADS,LAS,MCIA,Math,2017,F
188,ZCWR,XQXQ,ALAZ@KM,ROHV,TBYW,LAS,HOCR,CS + Math,2019,M
189,ZFBY,ANJC,RLYC@BT,URFV,ZDNT,Gies,OEMY,Business,2015,F
190,CCBC,XILF,EJLX@QL,UCXY,LLTF,LAS,URKF,eco,2002,M
191,ABDX,AZHA,HRYF@CU,KYMI,ZJBK,Engineering,HOAD,CS,2003,F
192,TOFO,VKBP,VVRD@PJ,MOGQ,CBAA,LAS,XXXV,Math,2005,F
193,JNVK,LREJ,KUAW@HG,TNHS,BTSH,LAS,MYMW,CS + Math,2000,F
194,RIJD,YNSS,UJQI@OM,YOYM,LEEH,Gies,MPAB,Business,2001,F
195,GDFJ,SVHW,OZRK@WS,UPSD,YKKW,LAS,TECW,eco,2002,M
196,XAVW,YVND,DRBQ@RB,JMYL,BKCZ,Engineering,OMSP,CS,2009,F
197,OOAE,SMCK,QTOD@FM,SIJS,RJMT,LAS,MPJI,Math,2016,F
198,RKSQ,TYOC,FRXN@HX,YXSD,EDYL,LAS,OFAS,CS + Math,2015,M
199,IWLN,QBEI,MRAA@CM,RPYZ,ILSX,Gies,NVGG,Business,2010,F
200,SQGA,UBYW,LCMS@HY,OIKZ,DUXN,LAS,NUKK,eco,2017,M
201,JHHD,WOEF,CNUN@XR,WRXJ,TKZN,Engineering,XHJO,CS,2016,F
202,XBGR,QUJS,GRAQ@CN,XBSG,OIRZ,LAS,PHKA,Math,2005,M
203,GRCY,YFUN,RHDP@RY,KXJX,BTLR,LAS,KUCP,CS + Math,2000,F
204,NPCR,KOCW,WSRU@JE,YSMZ,NRBD,Gies,YMAD,Business,2010,M
205,PWYZ,HSFG,EKBA@VQ,SKBO,FWMY,LAS,ORDC,eco,2013,F
206,MBTQ,IURK,PLRC@OI,UWOF,VFPU,Engineering,OGAE,CS,2004,M
207,YZCC,SMCD,IGVL@HO,CGSE,JGEA,LAS,VRGO,Math,2002,F
208,DYQY,KPRZ,ZWWX@GR,FKBX,GVXL,LAS,STQW,CS + Math,2008,M
209,NUVS,FBRD,LWTE@CO,IGOR,JQHT,Gies,WJRW,Business,2011,M
210,EECT,NGDH,RGVJ@LO,GMEW,ZCYJ,LAS,RGVY,eco,2000,F
211,RPOJ,ADFI,CFXB@QX,BEMV,ABZG,Engineering,OOPE,CS,2000,F
212,CNWT,RACT,CEXY@YS,EGXE,HJIN,LAS,HOHU,Math,2018,M
213,BSQV,PKFU,DYOR@LT,HJHX,CBSS,LAS,IWLJ,CS + Math,2013,M
214,FBAJ,GEML,FIYR@RG,BVWL,ULLO,Gies,MBEQ,Business,2018,M
215,YSYT,EQFK,UCFE@YE,OBCH,WQDE,LAS,DVRD,eco,2010,F
216,WKKA,YPEL,UWHT@WQ,YAMJ,CGLZ,Engineering,OVGA,CS,2019,F
217,BRKW,JSRQ,TREZ@QN,TGFF,LIZS,LAS,PRFH,Math,2005,M
218,LDNI,HXJN,HFEP@YQ,XHET,DCUD,LAS,JXGJ,CS + Math,2011,F
219,TMMT,OTKA,YCJT@EY,XGCY,SXII,Gies,VFOG,Business,2011,M
220,EGOZ,VNRB,IKCS@PX,TDDV,CAXB,LAS,YUMX,eco,2018,F
221,ISYO,RUPQ,FDIB@BQ,QHEZ,VPOW,Engineering,ZAQB,CS,2013,F
222,JQLJ,NIQP,KSNY@DF,WTPD,EXUW,LAS,BQOH,Math,2004,F
223,RZDN,HPXV,JVRH@LD,ERXP,ZFPD,LAS,EFNV,CS + Math,2009,M
224,IMAD,GYII,MNIF@PL,PSOZ,DNOG,Gies,XYCH,Business,2017,M
225,XDOL,CFGD,CPKW@XF,KNSH,VQFS,LAS,NXIZ,eco,2011,F
226,GLPS,IKFJ,ECBZ@NN,WPBC,NJRD,Engineering,CRCC,CS,2009,M
227,IUBI,QIFZ,FUKU@SP,WOSY,XAMQ,LAS,UNAO,Math,2013,F
228,XKTT,DACZ,LOOY@FL,TCSD,RNAI,LAS,UZNR,CS + Math,2001,F
229,UBBP,IFOU,PAMK@BT,ZLUQ,FWFT,Gies,TQII,Business,2001,F
230,PXTV,JOJV,SRUC@MW,GCCP,JMHQ,LAS,CHHG,eco,2004,M
231,PGBW,DTMQ,FVRM@EH,BNHY,PPWX,Engineering,AGDY,CS,2016,F
232,LUJH,IKFB,PRTR@LM,ZNWE,ITII,LAS,RHNF,Math,2016,F
233,XMZO,DQWM,GJLU@VS,EEYO,CFLB,LAS,MLDO,CS + Math,2014,M
234,UTOT,PJOK,EFLJ@RZ,NPOD,SYKA,Gies,RJUY,Business,2018,F
235,POSW,WFUS,BFZJ@IN,XCMC,ZRXZ,LAS,VPZR,eco,2012,M
236,KFPM,VKDK,MYNF@RN,ZAWF,EMNX,Engineering,YSCC,CS,2014,M
237,NBEY,XJMY,NMDG@LH,OTUN,MBFF,LAS,GLHO,Math,2013,M
238,BWRK,ZHHR,QBKS@UP,KBJJ,XAQN,LAS,HOKG,CS + Math,2011,F
239,AMUI,VRAX,HQZQ@BI,DIVN,SVPT,Gies,VYEN,Business,2007,M
240,LPUR,PFLU,SXBT@HD,NYNU,ZMJP,LAS,PUHI,eco,2015,F
241,UXFT,CUBK,BJHF@BE,PRKD,XFBP,Engineering,HDQT,CS,2014,F
242,SEFZ,MLLX,GZFT@JV,EVSD,FALE,LAS,TDRZ,Math,2012,F
243,NQLG,JYRN,YJRJ@DV,VNFI,SCCB,LAS,FUUY,CS + Math,2019,M
244,ALTD,MSUH,YYMY@HS,ENXM,RBWZ,Gies,ZNQJ,Business,2017,M
245,YGRF,WTCI,KXTV@RI,YNQQ,ZRGA,LAS,TZQM,eco,2006,F
246,PNVB,DKVI,ILNS@RK,YQOV,ZNZR,Engineering,LVQV,CS,2001,M
247,IGOH,KLVK,DQWF@CC,TZJM,IJER,LAS,QVBJ,Math,2001,F
248,LGKO,EGUU,OKUG@YM,UJFA,VWAD,LAS,OYKN,CS + Math,2015,M
249,WNLC,RHXN,EGOT@YI,HXXR,BCCR,Gies,GTAG,Business,2018,M
250,YGKC,VCTU,DQZZ@GO,QIOC,BWFX,LAS,ZNJI,eco,2007,F
251,KNJL,WSHY,GGMN@MF,SGVF,VMBW,Engineering,WTSJ,CS,2006,F
252,MHFE,KJJL,IYEU@MF,MLPT,XFIW,LAS,BEKG,Math,2008,M
253,SIBP,MLFD,QLFG@EL,LPOS,KAQT,LAS,ECER,CS + Math,2010,M
254,JUAN,UAEY,TSCZ@KL,YBWE,XVFI,Gies,VRKO,Business,2007,F
255,VVHT,OKSE,FMJP@GR,METL,JSTY,LAS,UVUN,eco,2014,F
256,MVIK,GQSN,VADO@YS,HFHZ,NJZB,Engineering,ANVH,CS,2006,M
257,QPLJ,HZGJ,VXSA@FV,POYW,MMMQ,LAS,MTWD,Math,2017,M
258,PCNP,ANMA,MVYC@HL,BIHH,ZCTQ,LAS,CXFY,CS + Math,2009,F
259,LCJA,TPPD,UZLG@GW,TQGC,KSQI,Gies,NFPX,Business,2004,M
260,JFJH,PHML,OTIE@QT,PQWH,NMNG,LAS,GBNF,eco,2009,F
261,IKCR,ZQQF,LAPA@EI,MBWF,HETS,Engineering,WJIQ,CS,2017,M
262,FMLU,HFQL,WQRT@EE,MIJJ,QFLW,LAS,UXQE,Math,2010,F
263,FPBY,ABAE,MZMH@NA,LQDQ,SIRK,LAS,XRFF,CS + Math,2011,F
264,LJXX,ATHW,RVOL@VJ,INSD,RMRO,Gies,VUXL,Business,2002,M
265,PGCG,FJVQ,YWZX@LW,JCVU,LCIM,LAS,XWMB,eco,2013,F
266,CXKR,VEOM,JOSM@GA,JNLX,IGQN,Engineering,KQTU,CS,2000,M
267,RACD,VIWR,KTBU@WZ,JAZS,IAJG,LAS,TVMU,Math,2008,F
268,ZVTR,FZUI,WBOB@TV,MOPV,ERDX,LAS,LXYO,CS + Math,2002,M
269,XIWM,VLHR,DLIG@VN,GKEC,CXYU,Gies,YFJU,Business,2010,F
270,GPXD,YVRQ,QRIG@TD,SYZR,OBIP,LAS,JOPC,eco,2016,F
271,PNQU,CEEF,HVRL@IO,OPGV,JRMP,Engineering,BZKF,CS,2003,F
272,WAHL,LLWD,RBTC@IW,HAPD,NLEB,LAS,KAYO,Math,2011,F
273,NPDZ,LUZK,ECYA@RH,CBUV,AXTD,LAS,FLUC,CS + Math,2017,F
274,XIOW,KLYN,OZXG@VI,CIYW,LBOG,Gies,PHUE,Business,2006,M
275,XWKB,AZAA,RIXU@HH,VJCQ,YJYF,LAS,IWQV,eco,2016,F
276,OHYA,KSKN,ABRP@OW,KHPA,FSJX,Engineering,LDHT,CS,2004,F
277,FAUB,ONYQ,EXRZ@JH,XXHL,APOD,LAS,OBNN,Math,2001,M
278,SJPA,JLXB,PTXX@QN,UCES,MFSX,LAS,JEEC,CS + Math,2006,F
279,BPJL,LWEW,ILKO@EF,DXKQ,MTZI,Gies,UTES,Business,2010,M
280,KKAY,BTHT,HQMB@RV,AGCP,QFIK,LAS,HPGI,eco,2011,F
281,CQNX,LJKP,FRUM@IV,LYDI,YQUR,Engineering,BVYM,CS,2000,F
282,NDQN,XYGQ,JQEE@IY,ZYUD,PSHO,LAS,NTEB,Math,2019,F
283,YFQM,JMZH,CGZB@OI,RMPH,ATUW,LAS,LGMB,CS + Math,2001,M
284,BRZR,OFCU,OCIW@YD,YBLO,EWVT,Gies,YBUD,Business,2012,M
285,NIPU,SNJD,HGPC@RQ,GZDQ,IYTG,LAS,FLOV,eco,2017,F
286,HMCC,AEGE,DMQE@EI,LPRV,IEOS,Engineering,IXSJ,CS,2015,M
287,IDTB,OMLS,NKTX@IM,AQXJ,CUJU,LAS,GAWS,Math,2009,F
288,IXES,ANJR,EJAH@EM,OZLR,OECX,LAS,UUGB,CS + Math,2003,M
289,FYIA,XFLW,LECE@XM,SZRF,JFLU,Gies,HCZI,Business,2019,F
290,TVVB,ALGO,WZKE@FL,PMTP,VWUH,LAS,DWJT,eco,2011,F
291,VEND,ZEAC,GJCB@UY,VZCB,VUYK,Engineering,ETLW,CS,2017,M
292,KFCC,VNWA,SGXA@KR,YAOY,ZVWG,LAS,ZOJX,Math,2003,F
293,XYBV,QVBA,GIOG@CP,CFRM,BPSW,LAS,WKVB,CS + Math,2010,M
294,BWVW,RPCP,YCQB@SL,AOAV,WYAW,Gies,SLZW,Business,2004,F
295,NUBP,VWOL,FGRL@IJ,MAHJ,UXNA,LAS,EJYL,eco,2014,M
296,EQRX,QCIM,XTMR@SH,CGDE,JWCK,Engineering,REYR,CS,2005,M
297,WATB,FXDY,MWBR@BX,SWSP,GWVG,LAS,CVKU,Math,2007,M
298,TPSZ,RUNR,YJXK@NO,ZSGH,UDJV,LAS,RDIC,CS + Math,2005,M
299,IXGB,LPLC,AWTL@EI,KQOP,YAAG,Gies,ZSEK,Business,2001,M
300,EQBU,XYUR,DXCF@HX,QHML,XUAP,LAS,YCMN,eco,2014,M
301,STIX,ONCU,XYYD@LG,QZLG,DRUS,Engineering,HBNT,CS,2009,F
302,UQHH,QMCK,REBN@CE,MQOQ,PBUA,LAS,BBYV,Math,2007,M
303,ZWXO,HRZY,NGMN@ID,KZAQ,MBVH,LAS,GVYD,CS + Math,2019,F
304,LCTC,SFXI,NPTV@DE,BDXA,VLHN,Gies,SOIV,Business,2008,M
305,DMEL,HYHI,TIFK@KH,HNRL,SDXZ,LAS,GFZG,eco,2019,F
306,NGKV,NXZD,KTFE@IP,ANLM,DCCM,Engineering,PYDO,CS,2015,F
307,NWMM,BAGN,ILID@BF,CKZL,PUQC,LAS,OSTY,Math,2004,F
308,KUNM,MCYY,CYOF@FD,QFXN,BXPC,LAS,FBFY,CS + Math,2011,F
309,SMKE,KPRB,CZXA@BW,NWDX,RLPH,Gies,IMJZ,Business,2001,F
310,DLLL,BBLW,ENIY@IB,XILS,ZNJR,LAS,KWSF,eco,2004,F
311,OPWK,QKAT,BUJB@LW,ZQQL,HPHK,Engineering,KCPS,CS,2001,F
312,OSIV,OLIP,JUVJ@QR,OLOQ,QGYM,LAS,PUZI,Math,2015,M
313,OHXJ,RZOU,YJTG@NY,LOUF,OPNU,LAS,LFUT,CS + Math,2004,F
314,ZVDB,OQAT,QTUC@AM,YJMR,JWLM,Gies,TWCG,Business,2005,F
315,HLXA,JITH,TPER@QO,YCKO,COIT,LAS,KHNT,eco,2005,F
316,TBQF,OYKQ,SCYE@DR,OALK,JIMD,Engineering,EAVN,CS,2000,M
317,DCHQ,GMNC,HJUS@NL,UPFK,LWGN,LAS,CQGW,Math,2003,F
318,PGPM,GFOP,FJKP@ND,ZVKO,MZNY,LAS,MDQM,CS + Math,2004,F
319,TETV,UHCO,WJSP@OI,DCNU,GGNN,Gies,BGEO,Business,2012,M
320,KCJT,IKJX,MBME@OP,JUQK,WXIE,LAS,FGLV,eco,2007,M
321,JEHV,AGZV,HZHB@LK,OYQK,VLAS,Engineering,AQNH,CS,2008,M
322,ENNH,OFLB,UWSO@GS,JZUA,LVKB,LAS,KNFM,Math,2009,F
323,TBXU,QGQH,SOOC@AE,HZAZ,MWRK,LAS,JXHW,CS + Math,2018,M
324,OMTU,MNYU,NDYO@GG,RFJZ,LJNG,Gies,OXQK,Business,2011,M
325,EPVQ,JYZL,EJWQ@GL,QAQV,WJQZ,LAS,MKXB,eco,2007,F
326,KZGR,VLEC,TALT@UY,YATO,VHWS,Engineering,VBZK,CS,2000,M
327,PXUQ,URVZ,ORKR@YE,EJSL,CAKU,LAS,TUIV,Math,2013,F
328,OEFI,LSPY,WUIC@SR,GXYI,XUWW,LAS,ETEL,CS + Math,2018,M
329,IPPN,FWWW,IKLT@CQ,KOIQ,OCEW,Gies,GGIZ,Business,2018,F
330,PVGD,CHXC,AQEJ@SW,IQOX,NFPI,LAS,EVPY,eco,2011,M
331,PWAX,CBGW,UROZ@KC,ECCR,JBKQ,Engineering,QSQE,CS,2008,M
332,PYZN,EQUD,PJRS@YW,UHTL,UIXB,LAS,LMDD,Math,2005,M
333,WTCZ,IRCC,DFGJ@HE,EIRT,KEDF,LAS,SONJ,CS + Math,2004,F
334,FDPY,CHRH,HWOS@AV,QFAT,CEGU,Gies,QRNQ,Business,2016,M
335,BJBJ,AFHA,SYJE@JK,TJAL,ZWWV,LAS,VZIF,eco,2004,M
336,NFQB,LFAB,BZSK@FK,ECQP,JAEP,Engineering,IAAR,CS,2017,F
337,TEBN,YWCA,YFRJ@BN,CYMQ,HIRP,LAS,OSZX,Math,2014,F
338,HGEE,CTKV,VGDE@ZH,RGYZ,NWRO,LAS,ANWN,CS + Math,2002,M
339,WABE,UMHL,KEAI@UM,IDGO,HFDE,Gies,EGPH,Business,2007,M
340,UUNQ,DONW,FISK@NS,KEQG,OSKH,LAS,BGKZ,eco,2011,F
341,FBZW,JNAA,SZBX@TN,LFPP,AMBE,Engineering,KLHP,CS,2010,M
342,KESW,OFKC,VEBT@WY,CEQJ,WWSL,LAS,FCBU,Math,2011,M
343,HTEO,UJLV,PZLG@YD,LRJF,PNSA,LAS,TYNE,CS + Math,2007,F
344,PKCU,UPWF,ZAYG@UG,EWHP,TLVZ,Gies,GJGE,Business,2017,F
345,HKCO,CMHG,ZKHN@RV,RMAR,HXBA,LAS,AOJK,eco,2002,M
346,MZOA,WMAC,VMZZ@FF,IUVS,RWGH,Engineering,JLXE,CS,2003,M
347,TCYA,JHPK,TJDC@FV,DLUH,TTES,LAS,GMON,Math,2005,M
348,DGOY,NQVJ,BPSJ@LB,ISRA,ALIX,LAS,SGUY,CS + Math,2005,F
349,OCHV,CDGX,KYJN@TT,IWVP,TYXD,Gies,REUQ,Business,2008,M
350,CTHS,MBXP,VSJF@PD,RENU,BTHT,LAS,DEFT,eco,2004,F
351,PLFJ,ZTUT,UIYS@XA,MUAC,NSLU,Engineering,CUPH,CS,2010,F
352,ZTCV,HNKH,YNHA@YB,XSJE,KMOQ,LAS,IFYB,Math,2017,M
353,GTGN,EJAT,SHVK@HU,AONL,FWPV,LAS,IKIG,CS + Math,2004,M
354,URCQ,DPHO,NVJI@SY,AFCC,WTVM,Gies,JVLK,Business,2016,M
355,BSAF,ALNW,WJOG@AG,DZUG,PUKT,LAS,CTQN,eco,2016,F
356,ZMEL,NGHK,PSKN@PP,FYWN,NDCH,Engineering,GOGL,CS,2014,M
357,UTMN,PQLR,UGKU@TC,YXNF,PGHR,LAS,EXHG,Math,2012,F
358,QUTD,TFMA,XOEN@YF,DBAE,YJVY,LAS,LIEY,CS + Math,2011,F
359,QBIJ,ZJKF,XMAA@BQ,XGDI,YOPL,Gies,RFJJ,Business,2005,F
360,UZCY,QUMV,AVKB@ZB,OVTM,IFRX,LAS,EUKG,eco,2012,F
361,ZWXP,HGSI,RHXP@UA,YCFE,BHDL,Engineering,NFMS,CS,2009,M
362,ZHZJ,LKTO,EZJJ@JV,DZND,UFJA,LAS,HUHY,Math,2011,M
363,YNZM,XHFT,EVGS@XL,VPGM,WZAC,LAS,FZYD,CS + Math,2019,F
364,TLYI,TRRN,ODVI@SV,WDLT,RFPK,Gies,FVSA,Business,2017,F
365,DCQR,KSUX,CRYS@ZY,GPXX,LRJD,LAS,MMAU,eco,2015,F
366,VHCG,LDHI,WXZS@WB,XUHT,NVWZ,Engineering,ATUP,CS,2009,F
367,ZQON,MZZI,QGVE@HG,ZGRP,HYTU,LAS,NBHM,Math,2001,F
368,CPMU,QKBJ,WJDI@RV,CWUY,JACC,LAS,OWGK,CS + Math,2017,F
369,GFJX,NFNS,SEYE@OL,YVWN,TVIT,Gies,CLVS,Business,2007,M
370,ZJWH,LTFA,PPYC@VC,RDAN,HUUY,LAS,YILU,eco,2017,F
371,FMOP,BBSK,TJBM@IJ,YOMY,MRPW,Engineering,PJBO,CS,2014,F
372,VQIO,MCVP,SFTK@IZ,RWJC,PTVF,LAS,MGTB,Math,2013,M
373,AOZH,HVEI,INIU@XN,JMSV,SLLW,LAS,LEZL,CS + Math,2019,F
374,PSNW,ABPR,ZGRS@DG,CAMZ,DRJH,Gies,VPEH,Business,2000,F
375,NWKK,DXLX,LQEJ@VN,FRLD,FBBD,LAS,RKTX,eco,2017,M
376,WAUU,OCNZ,INQW@FP,BXIJ,YGJE,Engineering,DVUC,CS,2010,F
377,WODL,ELYO,REIE@CO,GFEA,QSVA,LAS,HLVQ,Math,2002,F
378,ABTR,MNWA,ILPH@WV,EUVG,QPSE,LAS,PAKK,CS + Math,2019,F
379,OTYY,UPCI,EWLK@MJ,ONUF,JJTC,Gies,QHOP,Business,2017,F
380,SOPP,KUAU,RGLK@UZ,CKRC,RCDI,LAS,XGZF,eco,2019,M
381,GYNI,VBMX,KETW@ZX,UMMR,JKET,Engineering,KEME,CS,2012,M
382,OXVA,RXEI,RINU@RZ,VMLD,SZGO,LAS,CPEG,Math,2001,F
383,YYVX,FUNV,CVYA@MZ,XGPC,IRJP,LAS,OFKW,CS + Math,2000,F
384,ITZA,LDJH,HWNS@LB,NFSC,UKZX,Gies,QRSV,Business,2014,F
385,BFLP,TSWB,FGLE@GR,RNMC,MYVN,LAS,LTQA,eco,2001,F
386,JYPC,AZRV,CRQL@ML,CJGE,GCNH,Engineering,YDEI,CS,2007,F
387,SUGX,ZLXU,FLLI@XO,FIAZ,TUCW,LAS,ZFRG,Math,2019,F
388,NIAC,VPWY,IXKT@AM,ZONI,BNRD,LAS,JDFN,CS + Math,2007,F
389,MRJD,FEKT,LYXT@VH,KCSD,EBKX,Gies,XVUA,Business,2019,F
390,ZQCO,NEGZ,DFUD@NR,ZVWU,ULEH,LAS,FGRN,eco,2012,F
391,KHHW,JMGJ,HAGQ@YQ,AFMF,QXML,Engineering,ZNCE,CS,2014,F
392,NSYW,NZSF,WSCA@OX,JLEL,KIKL,LAS,UTLQ,Math,2008,M
393,FNDZ,PHHD,JQEX@ZH,VWVZ,KHWU,LAS,FIEN,CS + Math,2019,M
394,FEFL,BUOT,PHVP@WW,OQQG,IUWU,Gies,BUHZ,Business,2012,M
395,TXIT,ZTGB,ZHJM@MK,SCET,CGYC,LAS,VIVQ,eco,2017,F
396,KXPV,DLVY,VBGI@XP,ZBEN,JGEJ,Engineering,VWTL,CS,2015,M
397,RRVP,LZDG,QRKC@BE,DHEJ,ZDBX,LAS,KPGU,Math,2010,M
398,FDKR,NXXU,EAXF@IP,PCLQ,YFBC,LAS,WIPP,CS + Math,2019,M
399,ICOG,DUQN,UIXO@MQ,JKGN,UOLK,Gies,TVOB,Business,2003,M
400,KVUZ,JHWY,NPOR@HL,NINX,ZCJJ,LAS,SEHP,eco,2018,F
401,CUXU,JFZB,JNRH@GF,QAPI,COEI,Engineering,FCVQ,CS,2005,F
402,FUJV,GEEG,INGR@XZ,MXUV,KKDU,LAS,GCIC,Math,2004,M
403,KCHG,BPEW,ZVDI@VI,WLOJ,PTKT,LAS,OUIF,CS + Math,2003,M
404,YUYG,WXZY,KZRF@FO,OHUO,KAHV,Gies,JVHX,Business,2011,M
405,HLCD,ABJM,COBQ@RE,TCLT,MDHS,LAS,UKLT,eco,2017,F
406,FPDI,LRPK,CXJI@AL,LOAB,AWRE,Engineering,CFNP,CS,2011,F
407,VUPU,KDKO,VAVV@EG,PKGS,LXAQ,LAS,ZINY,Math,2009,F
408,FATB,JFPA,ULVE@EP,APOI,ZCOC,LAS,YZNO,CS + Math,2009,F
409,UKRO,GOHR,KOZA@CB,ICJN,WKKG,Gies,TMXX,Business,2009,M
410,KMAE,ELFK,TELO@CY,LUVU,USMT,LAS,TLSZ,eco,2014,F
411,XIKM,FHJI,GBPH@GA,PNNI,KTDI,Engineering,WVEY,CS,2007,M
412,HUES,SJXC,GWHU@AW,YBUB,IBWE,LAS,WYDE,Math,2019,M
413,OOJO,RGVC,GPOQ@FD,VHTP,EMZC,LAS,EVYL,CS + Math,2006,M
414,ZVHG,NQAM,LPWQ@OA,QLBE,YXIC,Gies,TZVD,Business,2008,M
415,FOON,AWCQ,KKYA@PT,DSYQ,YYWW,LAS,ZCRD,eco,2000,M
416,EZQA,JECE,QMDQ@YV,DHSU,SSLA,Engineering,TJCM,CS,2019,F
417,KHKV,HSZX,BZAG@NZ,XFXA,HXAF,LAS,PDPA,Math,2008,M
418,YBSB,GJBB,ZFNQ@UN,FECZ,MYNM,LAS,NIGH,CS + Math,2018,M
419,LKHL,PEOG,LQHM@QZ,CXNF,ODUB,Gies,IBDR,Business,2010,F
420,DAHH,NAIQ,FQEK@YW,QKUX,UBDQ,LAS,HKXG,eco,2009,M
421,JZTZ,MZBB,KRQR@IY,LKHR,WQRA,Engineering,OKNG,CS,2008,F
422,VVBS,QTCL,CBMV@NG,MRWX,WPVJ,LAS,YBCD,Math,2014,F
423,YOOT,EIPE,DEFU@TE,KCZF,FYCJ,LAS,AKTM,CS + Math,2001,M
424,KJUK,HFYO,VXWL@RJ,BWUC,UOWB,Gies,NHPG,Business,2019,F
425,FJWD,FBEJ,ZDRJ@XS,ELWQ,CJSP,LAS,UQCI,eco,2015,M
426,CRHS,QFSU,PZBW@SV,RZEP,GOUE,Engineering,QHUL,CS,2007,F
427,YLIC,UDBY,VAKD@GS,BIKK,HACZ,LAS,LWHJ,Math,2008,M
428,UOGM,IBMF,FMPC@OR,RRNE,WNID,LAS,DCQK,CS + Math,2016,F
429,XYBV,QODK,XJAW@NY,BVXP,KWFA,Gies,FTPA,Business,2003,M
430,SYCI,LLRI,PWAZ@QL,MAPH,NQHR,LAS,ADDM,eco,2018,F
431,FVHO,SRQA,KKQR@KI,PMIV,LMOJ,Engineering,DUDK,CS,2011,F
432,PJZC,HZKZ,IXRG@JF,MIHS,ZVHV,LAS,XTZW,Math,2008,F
433,YBOA,FPUV,NJLA@LH,JLUT,TBDM,LAS,XVVX,CS + Math,2002,M
434,SAAQ,BXAI,DCVH@NJ,IUHZ,EUDJ,Gies,YWAA,Business,2016,M
435,IZNK,VBLQ,UBUK@FU,XMED,PGJS,LAS,EOEC,eco,2016,F
436,HEEC,NTFG,QIDF@KM,RYTB,KSQW,Engineering,UOQQ,CS,2011,F
437,IFPU,EFYZ,QOAM@US,JXIF,FIHX,LAS,NKYD,Math,2017,F
438,NCLV,HBGU,QOPU@CM,HIIP,PKZQ,LAS,TALC,CS + Math,2013,F
439,RKAU,JLKQ,PMCV@OI,IAAX,SVSZ,Gies,XEWN,Business,2017,F
440,OOGC,KADF,OTXE@DF,MVDM,YBFB,LAS,BFOH,eco,2014,F
441,TSXC,XPNP,LOBU@OV,ZHPV,WYRL,Engineering,LRZA,CS,2018,M
442,QDYS,JKYZ,FYBV@FD,OMQU,SXYR,LAS,OYXW,Math,2008,F
443,QGVK,GXRE,ZRYK@FZ,LWSR,PFBO,LAS,ORZC,CS + Math,2017,F
444,DACZ,KQNQ,WJFK@TY,ZYVR,MSOB,Gies,OVLT,Business,2019,M
445,GVJN,AEAE,SEZU@WE,IYSO,JUAM,LAS,PKYY,eco,2004,M
446,HSOC,RXEM,PFKI@EC,QVKL,JIFV,Engineering,IJKO,CS,2001,F
447,GZCA,YABE,XPND@DH,MBGT,DCVJ,LAS,IYFR,Math,2019,M
448,WZYS,NVOV,FZZR@OK,SHDE,JDLE,LAS,QFBZ,CS + Math,2005,M
449,KPVV,AGNH,VTHW@EY,FKQN,NPKZ,Gies,GBSL,Business,2016,M
450,STTU,JCXE,DUYT@QB,GSTJ,VKEV,LAS,NKVM,eco,2014,M
451,NRVP,XYTM,FWFV@FG,PPDJ,GOCW,Engineering,IKTS,CS,2004,F
452,MAXK,TOFT,AZGO@ED,HOVE,KLAM,LAS,ERSS,Math,2007,F
453,IQFB,DIKO,UZEJ@EO,OHSN,KLCY,LAS,GOZT,CS + Math,2011,F
454,OZHX,SWGW,IJGD@SG,GXPQ,VOFR,Gies,EJCR,Business,2008,M
455,ELPB,WRKV,ZTDV@EW,CGDG,LWAU,LAS,QVKR,eco,2010,F
456,VERB,TKHJ,PVGU@YI,LTEF,SAKL,Engineering,RJEO,CS,2001,F
457,QFBB,CTZQ,XPXS@EN,EDSP,GHTX,LAS,QMAG,Math,2000,F
458,RDSP,GTGC,ACWL@VV,YCRZ,VRBV,LAS,ZIXV,CS + Math,2004,F
459,YOQT,OQTH,YZMI@JO,QQRL,PRJC,Gies,UQWE,Business,2005,F
460,ZVIH,NOMB,NFPG@VR,TLCL,XHZD,LAS,SAYE,eco,2013,M
461,JDGC,ABNA,APVX@UT,ZRXL,LWGI,Engineering,IBGE,CS,2003,M
462,ABDG,LFNG,RZLM@AH,QOOW,QSWG,LAS,MRIE,Math,2014,M
463,LJNB,PBUW,GKDZ@QG,YAUV,RJAK,LAS,LGPO,CS + Math,2005,F
464,SUDP,CBVY,IVZS@ED,NRLG,JOOS,Gies,CVLU,Business,2011,M
465,NNQX,BUWR,KADH@IV,LJBJ,GDRO,LAS,EBTM,eco,2007,F
466,FUZP,SOST,EKPZ@CK,LDCJ,BKWE,Engineering,PHLT,CS,2002,M
467,XLQW,BRHI,QSGJ@UI,YIHN,LBIF,LAS,PPLY,Math,2018,M
468,GPPQ,SFRM,CRVY@BR,SSRR,UXTY,LAS,RKGL,CS + Math,2019,F
469,YQTB,MBFH,NJSW@ZN,DMLN,YIEL,Gies,BHEA,Business,2015,M
470,NHWD,JMFP,NAZM@PK,KUVM,ZSBN,LAS,XYGY,eco,2000,F
471,SHYZ,CPCY,WBYC@FC,TNBN,KOVH,Engineering,RRVH,CS,2011,M
472,VCAU,YPUA,YRCW@YQ,VDTF,VRCU,LAS,GLHD,Math,2001,M
473,DTGG,GAXR,PIFW@FG,IDDS,LVIL,LAS,DIBO,CS + Math,2018,M
474,OXNT,KPOK,BKVB@NH,HIBA,DWAO,Gies,HEEF,Business,2018,F
475,TSYM,CZNC,ZWGE@TZ,WRSQ,ENNQ,LAS,TURI,eco,2015,F
476,ETYL,AVYP,PEJT@LK,HLXX,BIMR,Engineering,ECNM,CS,2015,M
477,PNXW,DRZR,YYOB@FA,RLBX,WVEW,LAS,BRPT,Math,2018,F
478,PFTX,NFOB,DZSM@MQ,WTFY,GCXK,LAS,OPGM,CS + Math,2001,M
479,VVDY,WUTF,WRSD@JL,LILM,TCJX,Gies,XTUU,Business,2010,M
480,OGRR,BRCM,OFQQ@ZC,SPDB,EVRY,LAS,DDVI,eco,2018,F
481,BJSA,JKQK,XWWC@HC,RBJJ,GECD,Engineering,MXJL,CS,2004,F
482,NWAB,COCT,HSOB@JZ,NRQJ,GLZY,LAS,GBEB,Math,2013,M
483,XCKI,MUWK,BMQL@OU,EHTB,OIVH,LAS,LGGL,CS + Math,2014,M
484,LDNV,XOII,RUKL@KR,FAJL,ZDMZ,Gies,CZLU,Business,2016,F
485,WKBT,WOFJ,UBIO@NB,ZUXR,IRPR,LAS,NUUP,eco,2000,M
486,JSKE,DWNM,ZOSB@JI,YPLD,YCMF,Engineering,LDKD,CS,2003,M
487,YCBY,HPDR,AAMH@LR,SXTT,PRND,LAS,RVQU,Math,2006,F
488,LQNK,WSJO,YLGF@VE,WMZF,PPMH,LAS,DCPR,CS + Math,2007,M
489,UJRE,WVBB,JMEQ@IH,UCER,OZWM,Gies,FZZU,Business,2009,M
490,UGRM,JSUH,HACB@OR,WOIV,YLXR,LAS,WTIZ,eco,2006,F
491,GLNS,SKSH,IEYV@NA,UVOE,CLUK,Engineering,XFHN,CS,2016,F
492,RHXJ,SMRQ,YUEM@RR,QQIK,KVEK,LAS,KXNS,Math,2013,M
493,MLBF,WEDG,OPBU@WW,BVGP,KIYW,LAS,QCBB,CS + Math,2008,F
494,XBHM,TULI,XXCN@DL,WTHK,RYYK,Gies,SXCY,Business,2012,F
495,RGIT,JZYC,NXPM@JM,KDJX,HEXY,LAS,MUAE,eco,2015,M
496,IJOJ,SOZR,XWOJ@BJ,PQME,YKKP,Engineering,IOBU,CS,2008,F
497,XAPE,KPCL,ERZE@HX,FHWX,SGVJ,LAS,RGED,Math,2016,M
498,SURA,AOIE,XZUL@DG,RCQE,EWEP,LAS,ZKUY,CS + Math,2007,F
499,DLRC,GCZK,KIXV@QC,MAMG,TTUX,Gies,BPMD,Business,2013,M
500,TYTP,PNHR,VXXB@TN,LVMO,PDJY,LAS,SSWQ,eco,2000,F
501,WWYH,JGOK,JXQY@AO,TAIQ,WCLW,Engineering,BEZR,CS,2015,F
502,YVER,OQPS,EZDQ@ZZ,WYGG,YJCT,LAS,UAPI,Math,2003,F
503,TQNP,FOLD,SXTA@XK,MWSZ,RYQD,LAS,ZCNK,CS + Math,2004,M
504,MUVC,NHWL,XMVN@DI,JWUX,UBCZ,Gies,PIDJ,Business,2011,M
505,DUIE,CBNA,RPXD@RN,CZNF,VSDH,LAS,ZCDT,eco,2015,F
506,AYVQ,NXIF,WNYP@OI,ERBI,CGJE,Engineering,TSKM,CS,2001,F
507,OAMA,CQTY,XHXC@QW,UENQ,JLBA,LAS,NBQY,Math,2009,F
508,PSVT,CACY,MWRA@TT,QLOI,HRHN,LAS,NGPG,CS + Math,2018,F
509,MSOR,NYJX,IUWS@SU,HSCI,ZTKW,Gies,DGHF,Business,2013,F
510,SLDU,LBDN,NINV@XW,AMDI,YOXL,LAS,KGKV,eco,2008,M
511,BTBF,VTFF,JIFJ@DY,TKDQ,IUMP,Engineering,BBZU,CS,2000,M
512,ROEG,NJYI,CEPL@RO,CHAP,ICTI,LAS,PXRL,Math,2016,M
513,GYSK,BGXN,OGSG@JI,GHOU,EBDI,LAS,SQZH,CS + Math,2015,F
514,IBLA,CMIQ,ZWME@KD,LGHO,CIAB,Gies,GOTF,Business,2010,F
515,UALE,SEZB,RWFJ@DE,BIIM,JGRF,LAS,UHER,eco,2007,M
516,VJZC,KJIB,XJNO@QQ,SBEH,KUGB,Engineering,ETEU,CS,2005,M
517,MFLW,ZWQP,LGWL@KV,LAAA,HBMD,LAS,GQWH,Math,2018,M
518,QSGT,MMBB,HKQR@ER,AVHB,AEMJ,LAS,EGJH,CS + Math,2008,F
519,EEVC,GVMT,BMBX@US,LUQO,LGTN,Gies,UROV,Business,2002,M
520,IFSS,QTCA,THZJ@WO,DQTA,LOFG,LAS,DVEF,eco,2002,F
521,HLKW,LBVN,QUBI@AR,ZCIJ,LCHR,Engineering,RGCQ,CS,2005,M
522,BDZW,JGVJ,NXLS@MH,BKYN,RWTQ,LAS,OIGY,Math,2018,M
523,YOMA,SGYK,OOYZ@IG,MXZI,FQGC,LAS,EQHJ,CS + Math,2016,F
524,ACJM,RYME,QNGT@EB,AWGF,BMFZ,Gies,YDNZ,Business,2005,M
525,EYSR,BIBY,MIDT@GW,DDDU,NWJD,LAS,HPTS,eco,2018,M
526,REIR,WQNN,ZFLP@AS,HZVM,BNJN,Engineering,GILT,CS,2006,F
527,ZKZL,VWOH,ZEBY@WB,CVKH,DWTF,LAS,FVTG,Math,2016,F
528,AWSE,ZPNZ,INGB@GR,YMSE,TXGU,LAS,FRWA,CS + Math,2009,M
529,YSGE,ZOPN,MOEW@RH,WRES,TRJL,Gies,FGZI,Business,2003,M
530,UNAN,UZYG,GIPQ@XX,YGGA,BHVJ,LAS,AGAN,eco,2011,F
531,OIBG,MZEM,JBGU@RM,IGVH,NPQR,Engineering,XHWI,CS,2006,M
532,TWGU,IZJD,NXHL@EP,OTNY,SYLY,LAS,TMNR,Math,2010,F
533,EZKY,QUER,PIWF@HQ,AFYC,RFTD,LAS,ZZYL,CS + Math,2014,F
534,QYQC,VZMW,NBRQ@IU,PAQE,LYKN,Gies,RAFC,Business,2011,M
535,PXPY,RKWZ,CZLV@GP,DNSI,VNZA,LAS,YOHA,eco,2005,M
536,AUIQ,YWBY,RUMH@WK,XQBB,GKLC,Engineering,WPLP,CS,2016,M
537,VIIP,WNZA,IAKO@GC,VLPQ,SPZO,LAS,ZUVA,Math,2015,M
538,XDFB,GTWP,GMGS@KW,EYTL,RQEI,LAS,LTDN,CS + Math,2016,M
539,EZAC,JRJW,IJOX@ZH,HUCL,ZZPN,Gies,ZFHA,Business,2005,M
540,KTFB,AAWH,QYKP@FZ,QCRT,HEHN,LAS,OGZY,eco,2017,F
541,AJRS,GHOU,UJCL@SL,UDEM,ZPUV,Engineering,RIKX,CS,2012,M
542,YZEE,WNCC,GGCV@WU,WVMD,GCHB,LAS,UBAP,Math,2005,M
543,RRFD,WQNB,CZBM@FR,GCGW,RTTP,LAS,HBRZ,CS + Math,2007,F
544,CFGF,SOJD,PZUZ@YF,SOXI,ROYB,Gies,VNFV,Business,2001,F
545,LKUO,YSOZ,IPPK@KO,ATTF,QYLG,LAS,HGER,eco,2010,F
546,ZEKA,VTDU,JYQV@RE,CGEG,VGSV,Engineering,SJVI,CS,2002,F
547,NHAO,BFRU,ZTBY@TO,DDLI,GHPX,LAS,FNDB,Math,2003,M
548,YJPR,GTYE,QRJB@DC,ZSBR,ZWVW,LAS,MUHF,CS + Math,2006,M
549,RNIO,HWPB,MTIA@CE,QMWU,OTHW,Gies,JJXA,Business,2016,M
550,UDTL,OIUS,SUGR@NN,DTWB,WUSO,LAS,UUGI,eco,2006,F
551,XGSE,VQEG,PBUU@YJ,BCFT,LOYW,Engineering,VZRL,CS,2004,F
552,WJLK,RVXQ,KRVC@HB,JFFH,BXFD,LAS,ILRE,Math,2019,M
553,HGKS,UOZG,SKLM@QG,SSYY,DMGO,LAS,WXWO,CS + Math,2005,M
554,VXYI,HDOC,ENQF@XU,VJUG,CVAT,Gies,KWSJ,Business,2011,M
555,AWWX,GIAL,DMPI@NN,OOWZ,TBEH,LAS,GQYH,eco,2004,F
556,WAXU,NHCD,HATD@SJ,JNRO,HUCW,Engineering,WPJD,CS,2007,M
557,VGPC,LIXK,AJVD@BI,LUKT,ARXJ,LAS,XMJG,Math,2001,M
558,CGGY,GIBS,PPIL@TS,CESB,VHQU,LAS,KADS,CS + Math,2003,F
559,MBPH,RCCT,EKFZ@ZF,YICY,LUAG,Gies,DLYC,Business,2007,M
560,WPRQ,EGTZ,SKYD@PX,JIGS,IGUC,LAS,DHPP,eco,2000,F
561,IDOT,MKOL,KGFN@YL,SBFH,DDXG,Engineering,KOOG,CS,2017,F
562,JWDL,SDUE,PYHP@GN,YXPH,PREP,LAS,BIPK,Math,2012,M
563,ZUVT,CPDT,FIQZ@BO,TVDK,HVVF,LAS,CNOB,CS + Math,2018,F
564,EADR,BLMZ,OCNU@IN,UDVQ,LEZE,Gies,PZRR,Business,2012,M
565,XJKR,GPTB,SXJP@GO,GRWJ,GRKG,LAS,IXBN,eco,2009,F
566,HQCV,GNQO,ZVRZ@ME,FFDD,SBJZ,Engineering,YOOO,CS,2016,M
567,DVVR,DCJW,MFFO@ZS,KKVH,MUSX,LAS,MZKF,Math,2010,M
568,XKUN,ZOJU,YFDA@SZ,VIMK,EJVY,LAS,QYGI,CS + Math,2019,F
569,VHEY,ZQPY,XQQG@KH,KTXW,LPWC,Gies,UCTO,Business,2013,M
570,TXXO,OQRC,QDXE@HN,ILYI,NFUQ,LAS,VAXS,eco,2005,M
571,CDUT,AEKN,QYCL@DK,JKWU,BBSB,Engineering,JGPJ,CS,2013,M
572,SWFO,LKUH,MRKM@XH,DOOL,WOOG,LAS,NQYM,Math,2006,M
573,RHKT,SCKL,CKYC@ZI,UIEP,KOUR,LAS,KIVX,CS + Math,2008,M
574,ESYX,UEAD,DLRI@QB,BRHM,CABD,Gies,MOTS,Business,2014,F
575,WFGL,GQWW,DGUQ@QM,CWUT,PFVM,LAS,PJHG,eco,2006,F
576,FSWK,NUAM,MZPE@ZA,SYUX,EVUZ,Engineering,GCZR,CS,2017,F
577,TSAT,VPHC,APTC@QR,EBPY,CCLS,LAS,EVSU,Math,2005,F
578,OJXH,WMOV,KYAU@LD,GNAK,BSYG,LAS,KULJ,CS + Math,2003,F
579,XMSS,KTSU,XPYJ@MG,QBLQ,DXIF,Gies,WWMH,Business,2012,F
580,RRSM,RIRZ,HZSD@HG,LHDC,RDHE,LAS,IVNB,eco,2010,F
581,WGVN,TOUY,XWDL@RT,HVJU,TWTE,Engineering,JYHW,CS,2004,F
582,IHLI,DEDU,JYYC@KM,GWKT,AWWZ,LAS,JKSJ,Math,2018,F
583,AMVJ,MYXZ,DPBS@KB,LZUF,NLNS,LAS,YWNZ,CS + Math,2000,M
584,COEA,EMLF,JEXT@JZ,OZHF,FXZC,Gies,BFLW,Business,2000,M
585,JIGH,WBRT,HPWS@FC,NPGO,UKJF,LAS,IIMB,eco,2014,F
586,QAYP,YJUI,MAVI@NT,FCBW,MFWD,Engineering,LJIK,CS,2002,M
587,TDRP,JDSD,DIKS@DP,TIJJ,ELMN,LAS,LBOX,Math,2008,M
588,QNZA,LCZM,FGNH@EX,GTDT,GXXM,LAS,AZUH,CS + Math,2011,M
589,QBDP,EFCI,ZIAT@QX,GRPM,EBWH,Gies,TBRA,Business,2008,M
590,AHRY,JCAK,ULBH@US,FLMA,QSPH,LAS,JWWL,eco,2002,F
591,YMWY,QZED,VGQU@WU,QJEE,WBDZ,Engineering,YFXQ,CS,2011,M
592,LERE,HIBZ,GGAS@BC,FDMZ,LJMX,LAS,ARRV,Math,2003,M
593,RUOG,MMEB,FWWO@NB,WIOP,ILNA,LAS,IVMQ,CS + Math,2001,F
594,VEEY,ABKS,TZDC@YY,ETQV,CFYH,Gies,DMCI,Business,2001,F
595,BLRA,XOIA,RHJC@NK,MQTT,MOMC,LAS,YHVT,eco,2019,F
596,JQRY,GEKX,TTZJ@GQ,WYWC,IKZX,Engineering,GCWY,CS,2012,M
597,VVVR,JGXQ,UQKG@WE,QBMQ,ZDKO,LAS,AGXY,Math,2008,F
598,JKNF,DYXG,CDIJ@RP,HUIW,HBXH,LAS,YGVH,CS + Math,2016,M
599,TXSZ,DYEK,AUJN@VM,DWDJ,WNUE,Gies,YFPO,Business,2018,M
600,XTTF,YOKX,IHZF@RB,FBZV,VAID,LAS,JJJM,eco,2015,F
601,FKHH,TMIJ,QYQW@IS,EHHM,BGJF,Engineering,UJZS,CS,2000,F
602,SMET,SSAR,UCSY@RY,EPYW,CMSN,LAS,GOIT,Math,2012,F
603,DQKZ,ZPGN,SIJV@TY,ACTA,QHVX,LAS,XZHE,CS + Math,2005,M
604,HLOE,FZCE,WULR@AG,QDHO,PXEN,Gies,OVSZ,Business,2003,M
605,NCGB,TNOT,YEXJ@QR,RBPF,XIWT,LAS,PRQW,eco,2000,M
606,LJWJ,DVAA,WIVJ@ON,DSDE,JKSM,Engineering,XJDT,CS,2003,M
607,BTTP,EAZA,DCJS@KZ,OSZK,KCOM,LAS,YSVI,Math,2016,F
608,SQRF,MVNP,FEDA@ST,HGDM,TIVQ,LAS,SETI,CS + Math,2005,M
609,XTIU,SDDJ,SCGG@HS,ECDG,GXUM,Gies,YPUX,Business,2001,F
610,ITCU,FUMT,QLNB@BO,FKQH,PPAR,LAS,VTRN,eco,2004,M
611,YPAT,PPEE,CVFZ@VL,SWYK,QMFS,Engineering,YRYG,CS,2000,F
612,QWXV,UMCH,XQTU@OK,GZDC,XHLU,LAS,PVAP,Math,2014,M
613,RVIF,SDWS,PZUF@LE,CPNE,LWDS,LAS,LAYR,CS + Math,2014,F
614,WTQM,EXNA,VUXV@OU,LQAO,OYEL,Gies,CHHF,Business,2010,M
615,TMQR,CHOU,BOFM@UQ,JXGK,RVBO,LAS,RYHT,eco,2011,F
616,AXAY,ZJLO,GVST@PE,OQRP,RCQD,Engineering,RHKN,CS,2005,F
617,BOTR,JXZJ,UHKT@WB,EISB,PTID,LAS,RGKC,Math,2007,M
618,HEDX,SPKJ,CZAQ@AW,LPHH,ELPD,LAS,VBDC,CS + Math,2000,M
619,LXWV,VCEX,DFGT@AE,CIQI,ZWOS,Gies,KMAY,Business,2012,F
620,FNJM,JPDM,JAZV@IE,URFB,FCYJ,LAS,DQHX,eco,2010,F
621,SWSO,JXAJ,OMRT@FA,ERNO,ANQH,Engineering,DICH,CS,2001,F
622,CDBY,QSXG,LOGJ@UR,KDUL,VCZF,LAS,GYCM,Math,2001,F
623,ZONM,XJKJ,MCDF@QP,WXTZ,JANQ,LAS,GMQP,CS + Math,2005,M
624,VIVT,PSCE,HRPO@YT,BWKC,WPAA,Gies,DRVO,Business,2016,M
625,CKII,KVSH,NZMJ@IS,VZER,GUBV,LAS,ZZLZ,eco,2000,M
626,YPEC,FHDB,NTCN@EC,MNFJ,ZKTD,Engineering,MCEW,CS,2012,M
627,VKTM,VAZQ,KTLF@CF,RVTE,PNPL,LAS,RMCI,Math,2011,M
628,URHC,AMQF,JJZI@AW,VCEP,SXBW,LAS,BFSW,CS + Math,2019,F
629,DLNI,PSNX,LLET@XB,CIBX,LIJZ,Gies,TLMY,Business,2010,M
630,IEKL,RDHW,JADF@IC,FQBV,KDAK,LAS,MYUC,eco,2009,F
631,OONW,TFCM,LXLA@LM,DBTJ,ZPTV,Engineering,VNTE,CS,2002,M
632,UUGX,ABBK,ZGQM@BL,FSQD,HMNW,LAS,ICEL,Math,2010,M
633,AXKG,CHCM,AAWE@JV,VMCN,FFON,LAS,VNKT,CS + Math,2005,M
634,ZYWV,BBWK,XRSC@IG,WAAR,LPGO,Gies,BCBM,Business,2017,M
635,RWQT,NCUK,BTEN@DX,TDDC,BXWW,LAS,UTPK,eco,2010,F
636,NMAJ,IKEZ,TMIB@DP,KGYB,JVBT,Engineering,SNMU,CS,2001,F
637,VADR,KNSU,WORR@GW,LEOG,BOBC,LAS,QPNX,Math,2016,M
638,LQCQ,YAKF,SAQL@QD,GOYV,GCTI,LAS,XZEZ,CS + Math,2004,M
639,WXSC,ATWG,IOTL@ZA,XNTS,YLQJ,Gies,JOXD,Business,2014,M
640,IHJT,SUMW,GXBG@RC,MJCV,QUGK,LAS,YVNC,eco,2003,M
641,BOWP,CFLB,FOWL@CV,MVOO,YEFV,Engineering,ZDGO,CS,2015,M
642,PTAE,LRCP,KLML@LA,ETGC,EMYL,LAS,UHZB,Math,2009,F
643,FZYK,ZTFG,RAYI@RZ,UJNF,BOHS,LAS,LDMS,CS + Math,2003,M
644,OMOR,TURG,TQZH@CH,RMTB,CAYK,Gies,RPDC,Business,2006,M
645,BDAI,TDDA,YOYT@OU,DWZZ,AULR,LAS,ZSYK,eco,2007,F
646,UXRI,PCFJ,QBXA@SQ,YEMH,AFTT,Engineering,ZJCJ,CS,2016,M
647,AKTY,ZPNY,GGJY@OV,QZMJ,DFAO,LAS,HVPM,Math,2007,M
648,VHFS,MJRR,TYWX@KA,DYWU,RDZZ,LAS,SKXK,CS + Math,2013,M
649,TBYI,YBXB,ZVJL@AB,BJVW,SBFU,Gies,TOCM,Business,2003,F
650,HHCL,XFOU,IPHG@ZV,VTLH,NLZC,LAS,INCY,eco,2010,F
651,QONP,BXLT,EXYR@TY,WOXC,YBGZ,Engineering,EQJD,CS,2012,M
652,BWYY,OVVZ,XUGT@YF,XVLZ,GYDK,LAS,TMNQ,Math,2009,M
653,EFTH,AVVS,CZFC@FM,OKDK,LDKV,LAS,MXTL,CS + Math,2007,F
654,JEDX,LINO,UYMJ@FT,WALR,QGTJ,Gies,ZJAS,Business,2000,F
655,FEEU,GYID,QEDO@JK,DMCG,LZWB,LAS,IRIZ,eco,2014,F
656,RGFD,VEQL,YDUG@RM,CXJP,LSMW,Engineering,RBAZ,CS,2005,F
657,WEJI,SIGK,YUFV@DN,BAWH,JWOI,LAS,DTLN,Math,2016,F
658,ZKJG,WIHF,VJKU@WV,JTUE,UAQQ,LAS,XYHS,CS + Math,2010,M
659,VRWH,HOOW,PJFA@UZ,VCPI,UGFN,Gies,SZPV,Business,2010,M
660,GRVG,NVOB,EDZN@YL,HNFW,NMYH,LAS,PMFE,eco,2006,M
661,OBDJ,PVOP,DWBH@MK,CRNG,ONDU,Engineering,QEST,CS,2004,F
662,JILZ,MMBY,LLXW@BI,RIGY,OTQM,LAS,PKYG,Math,2003,M
663,VZPV,AKCL,ITEX@TO,VAUT,DWAV,LAS,WIMC,CS + Math,2010,M
664,GEML,QGAN,QCGA@ZA,COVH,URPL,Gies,KWZI,Business,2007,F
665,NDSI,TXAB,ZTOX@VU,WCAY,KYGC,LAS,KAGX,eco,2017,F
666,XFVQ,SRLL,RZWY@XA,YNLG,FOXG,Engineering,XLVT,CS,2004,M
667,WVPN,HECR,TAJK@XN,BMAK,BJCN,LAS,PPRH,Math,2010,M
668,UFUS,NTPH,IYTP@MN,QPDI,MMBY,LAS,YOAR,CS + Math,2009,M
669,NVZA,HOFN,EZCO@VI,XDAN,WUIA,Gies,XINH,Business,2006,M
670,EKPC,CTNK,MDSN@YX,SRLB,ALHJ,LAS,SCRQ,eco,2011,F
671,ZCPF,INFJ,HEAY@FF,WJLO,GWRM,Engineering,UCJH,CS,2019,F
672,BHLW,JPZW,OQWJ@GD,DJNR,DKWJ,LAS,SCUT,Math,2013,M
673,GURV,KICS,RAXB@CN,UDMW,ZMTR,LAS,SHYP,CS + Math,2006,M
674,MWNK,LZKZ,THFE@EH,FQTZ,KZBQ,Gies,CGJE,Business,2003,M
675,YFHM,HFYZ,JORH@HX,GKVI,KZZF,LAS,ZFNO,eco,2019,F
676,PPAU,UBWG,ZNJL@WU,BPMM,OSYJ,Engineering,EPXZ,CS,2013,M
677,YYBX,ZPUV,OVYU@SI,HILQ,XHXF,LAS,GZMD,Math,2007,F
678,LTFS,MQKB,BHLK@IH,HMZR,RHIF,LAS,HHAW,CS + Math,2008,M
679,IKYK,LZHI,HWAE@SI,VJXJ,PQHT,Gies,MUOQ,Business,2007,F
680,SVZY,UHNS,BKUF@NT,ZJHR,GNWM,LAS,HSDO,eco,2013,M
681,RZRU,QBJT,RVXS@DA,VHFG,AFGE,Engineering,POEL,CS,2018,F
682,XRIG,DKSR,CHKU@HY,LVEI,FTLO,LAS,ZXRZ,Math,2009,M
683,BIPZ,ILPM,WYIE@DI,VXNI,HERP,LAS,SFTI,CS + Math,2013,F
684,NITD,YZSG,PEMD@YO,EZUA,FGFU,Gies,MHFT,Business,2007,F
685,ERKS,WRAD,TYCJ@AQ,XUGH,LVSJ,LAS,QVWM,eco,2007,M
686,JLCO,JJRG,LFMG@WQ,NJCJ,YUXH,Engineering,WYOJ,CS,2002,F
687,LWJZ,VWVY,PZGU@DC,XQVP,IZIV,LAS,HZWU,Math,2014,M
688,DBZE,YTVN,FGCK@MM,LPYZ,VZVG,LAS,QVPR,CS + Math,2002,M
689,MENK,IWRZ,MRBP@PK,AKAY,BVBV,Gies,ZTCH,Business,2009,M
690,WXSC,QYAG,FKIX@KH,CQVS,IMHZ,LAS,KGYR,eco,2006,F
691,YRVY,OZKD,RMJD@AH,WCPD,EYIS,Engineering,IZEX,CS,2008,F
692,TFJY,MPOX,MORM@ZP,ILKG,ZNRX,LAS,TBTS,Math,2000,M
693,NQLN,HTSW,ZNHG@VV,KVTE,NUNV,LAS,UAAR,CS + Math,2008,F
694,PSPH,ZQYT,DALR@DD,ZPXU,DARN,Gies,KBJV,Business,2016,F
695,GSOW,HVMZ,NEDM@CC,WHSU,GHYT,LAS,TMTG,eco,2012,M
696,OSMA,FAVV,CAVE@WQ,QIYD,TMPH,Engineering,OYJN,CS,2003,F
697,FSXB,WPOH,EOSC@EN,SXXP,JPBT,LAS,IJZQ,Math,2005,M
698,BCSQ,AUZM,DXVK@BD,ZHFT,LYPY,LAS,AUSD,CS + Math,2017,M
699,LPAF,MILS,FMKK@IS,MXQJ,RYLA,Gies,XQJB,Business,2006,F
700,EUOD,GPII,USID@RQ,DGXR,UZPT,LAS,WNWP,eco,2013,F
701,HGAJ,ZDMQ,EGDJ@XI,IEYP,CPPV,Engineering,XKYE,CS,2003,M
702,EPNX,ABND,ARTW@NK,ZFKG,SZRE,LAS,VUHE,Math,2004,F
703,SQYO,NNJN,NTUA@JS,RCZV,BPNS,LAS,ZMWJ,CS + Math,2009,M
704,JMJX,SOIB,JFFB@CK,LKWI,MUIC,Gies,ZNZB,Business,2001,F
705,RVXY,LDVV,SHJP@RC,NYLG,FBKT,LAS,JHRZ,eco,2003,F
706,JWEY,AUGS,QAOP@TW,RDXR,WUON,Engineering,PQGL,CS,2008,M
707,BPAY,EXQW,XLSV@WR,MSBU,CDRC,LAS,BDXT,Math,2017,M
708,ZIWY,AKVP,HWGG@AB,CFHP,QRQG,LAS,LAOS,CS + Math,2003,F
709,BZKG,MDYD,OREX@HW,TONW,VZSS,Gies,YLND,Business,2008,M
710,KWHZ,EJOY,VYLU@RG,BKMS,FVKI,LAS,TQDM,eco,2002,M
711,GOTV,ICZI,KCMK@XE,TNCN,JPIK,Engineering,KJSL,CS,2018,F
712,BMJT,RKEX,WAJX@TH,ZMRB,FXTF,LAS,JLNC,Math,2015,F
713,OKKB,QDTN,VMPN@PK,VYVG,NAWJ,LAS,TKVG,CS + Math,2016,M
714,PZPS,UWBU,AQRH@HI,BLUI,ZXIC,Gies,NHNH,Business,2015,F
715,ZKGG,SIAG,DSWH@HG,ADXK,VEKW,LAS,XVZN,eco,2001,M
716,NMMQ,LELL,DUSD@TN,RKSO,XJHX,Engineering,WONM,CS,2016,F
717,GVJO,TSUZ,YKSV@RZ,OKEO,SQCN,LAS,LKPQ,Math,2011,M
718,XLBX,VQUB,EDRJ@CV,NVIU,PQAO,LAS,KOQP,CS + Math,2019,F
719,SWZY,MJAQ,XPRJ@ON,RWBQ,SKCJ,Gies,IDEE,Business,2018,M
720,YGBX,YCXC,OWKJ@EK,IHZZ,TWCE,LAS,AMEI,eco,2006,M
721,IJOG,EYIE,JDPE@LW,FANJ,FTBH,Engineering,UOGT,CS,2018,M
722,BPQD,NPOI,IDSR@WO,MPUE,WVLX,LAS,TUOB,Math,2019,F
723,VAOJ,AMSZ,CBLG@UW,AZWK,LZBG,LAS,MXYU,CS + Math,2018,M
724,SMOF,AVTZ,UZCV@RN,PAVI,UVCN,Gies,TGZE,Business,2005,F
725,CWON,AAYI,UBCM@ZS,HXUB,MZWR,LAS,YUCO,eco,2016,M
726,ZOJL,ANFA,RTHR@HO,UVLS,NKYO,Engineering,GSBC,CS,2005,M
727,AWCE,NRAM,KNWE@YQ,OGLY,OHPM,LAS,XMYO,Math,2003,F
728,SLXV,QTLH,SSTQ@CT,ZCWN,EBWS,LAS,MWMS,CS + Math,2016,F
729,KMKI,BJAA,JAGR@GQ,GPBB,XXVZ,Gies,GXYW,Business,2011,M
730,IFTD,CQLV,WYUU@VM,GAMF,MAGG,LAS,HNPF,eco,2017,F
731,BADD,BIDH,ZUVI@NA,HTRU,KRUN,Engineering,QXPT,CS,2006,F
732,RVEL,CVKM,FBYZ@TQ,AKPC,XJYS,LAS,DQTQ,Math,2013,F
733,LHEV,FPXF,WBIO@WI,VYEN,XEKM,LAS,NGPT,CS + Math,2012,M
734,MWKX,YRHG,MGTX@UR,SHFJ,EMKU,Gies,LXWY,Business,2019,F
735,BFXH,XQZN,CJPO@SR,PLDF,ZWHH,LAS,JAKW,eco,2013,F
736,FHQC,VHXW,MIRQ@ZN,DKLH,DBLY,Engineering,DOIE,CS,2015,F
737,SAOQ,MDUN,YVRP@VZ,LKGQ,HTCI,LAS,OARC,Math,2003,F
738,VKOP,FGLJ,EIUJ@XU,ECGM,KQYI,LAS,SSAA,CS + Math,2005,M
739,JMAV,UTUN,PTBT@ZL,DJBC,RDXH,Gies,TQGZ,Business,2018,M
740,MZGN,XACJ,PKGP@QE,IKSA,GAVZ,LAS,TYTF,eco,2004,F
741,OKWU,JHES,KHJG@PQ,DJRY,LGLP,Engineering,NTUW,CS,2009,F
742,NWGV,YSAX,BSKM@CX,GLLX,PXYD,LAS,OOIP,Math,2003,M
743,PBDL,USGD,EURZ@PW,DREN,SOFG,LAS,QCNG,CS + Math,2014,F
744,BGAL,XXSF,DVDL@RU,BTNY,BZRJ,Gies,NRMZ,Business,2016,M
745,GZTX,XMPL,YWKH@TN,GQUO,XEMX,LAS,QVFY,eco,2008,F
746,ZRXX,JTLA,FSNP@IL,RWKV,SSBD,Engineering,KBFU,CS,2016,M
747,INVS,LVQJ,NAYB@UX,DWCC,QGBN,LAS,UBBD,Math,2014,M
748,SXQT,KDLT,EGKP@NR,XAKL,BDRY,LAS,HEIL,CS + Math,2011,M
749,UIDU,FJJO,OYIT@RQ,OIJI,XDKJ,Gies,QJNN,Business,2007,F
750,MSUR,FQXE,EMNJ@EO,JTMH,ZQOJ,LAS,KZTQ,eco,2002,F
751,FIJE,CNSS,HSIK@LO,UJGX,HGYU,Engineering,YSSU,CS,2007,F
752,FRPC,TTXA,BNEG@VB,MBME,BQFW,LAS,RSXX,Math,2002,M
753,DTXA,EYMF,ILBL@YR,NKDG,SERC,LAS,DMZY,CS + Math,2012,F
754,CHHD,ILOR,MAIV@HL,QFIN,TVZM,Gies,XKNN,Business,2017,F
755,VIXK,GUUW,ICIV@CK,LUHP,NIOZ,LAS,BHGQ,eco,2002,F
756,QWDS,RPUM,RQCU@SI,DZSA,UYAG,Engineering,WRMI,CS,2002,F
757,WUKD,ELGA,ARMQ@VU,NOIO,RKWT,LAS,MFAY,Math,2018,M
758,IQDJ,ACRR,FPZT@YK,DEZA,BXKW,LAS,CEAS,CS + Math,2005,F
759,JIWG,PZVC,NXIH@KP,AYJT,BRUB,Gies,NKTZ,Business,2011,F
760,SZKK,VDNK,DVFD@NS,DMZQ,BCAE,LAS,CNYC,eco,2017,F
761,ADZB,USME,IHJU@CH,NFWC,BXCP,Engineering,PAEP,CS,2019,F
762,NILR,YNWM,HCSJ@MR,SUXV,XZMW,LAS,FHUJ,Math,2009,F
763,TAEA,EORX,QSGU@MH,RQFM,FEDZ,LAS,FUTW,CS + Math,2006,M
764,NQRR,XVRF,EDHM@NM,WYHK,NQXH,Gies,AFJN,Business,2006,F
765,AMSQ,WBWW,NGIJ@NQ,BMCI,TPGR,LAS,KXXL,eco,2013,F
766,MHQU,LWLB,IUBF@EA,HGWD,NHUA,Engineering,ENGA,CS,2008,M
767,MYDZ,MYUE,VRQD@OG,PSHY,RGHI,LAS,PUZR,Math,2011,M
768,LMCS,ISOU,ZAEL@KG,UNGM,KVPK,LAS,RLKJ,CS + Math,2014,M
769,QNXD,FIUV,LCFG@QM,SWFS,VEEA,Gies,NAPP,Business,2009,M
770,OGBB,XMGU,BWQG@CC,RRPU,GNAY,LAS,RYIS,eco,2016,M
771,ITPK,EJHS,FVOH@IJ,AIWW,QNFB,Engineering,OZJY,CS,2007,M
772,NSXR,ACEW,VRUC@TD,WTJW,DSFD,LAS,IXDO,Math,2005,M
773,YTHL,PICM,QAZG@OA,GZDM,ILQL,LAS,EKJO,CS + Math,2012,F
774,OBJJ,DGHN,REMK@SU,PAGR,FKXT,Gies,XWJG,Business,2016,F
775,KNLI,WIOR,DZKQ@MG,BBUQ,POQL,LAS,JHPB,eco,2013,M
776,DCJG,OQRH,KTBP@TS,FUEW,NJNY,Engineering,UKXC,CS,2004,M
777,KRLT,DCRP,XIVI@NP,RKOY,RFXE,LAS,DLCV,Math,2000,M
778,XGLR,XNLA,ZNMM@YD,RMWA,RCBR,LAS,LPIH,CS + Math,2007,F
779,VWIS,EXPA,GYPI@QU,PFLQ,KGAV,Gies,VXTV,Business,2001,M
780,ADZE,DHON,GBXO@ZZ,JAWI,WRHD,LAS,GPCA,eco,2010,F
781,UWFG,IWTC,IDYZ@GR,BWCK,BIFO,Engineering,PYQO,CS,2011,M
782,JHSJ,XATU,MHHT@TG,OMJK,AYIM,LAS,GAQG,Math,2006,M
783,WPCI,HEGJ,JUBT@MO,ETSW,VQKZ,LAS,KIOW,CS + Math,2018,F
784,DNGH,HYZG,MPIA@CW,YWSR,KIEH,Gies,RAJS,Business,2004,F
785,VDUC,EGYM,QSCW@GQ,QMJA,GGZV,LAS,WCFJ,eco,2011,M
786,RKCB,WUTH,LYVW@MZ,FGYI,QDMS,Engineering,XOAI,CS,2002,M
787,CHJK,KRXJ,CWUI@KJ,INWL,ULDV,LAS,KQTN,Math,2008,M
788,PUBF,TCST,SNEC@FG,FEZV,SNZW,LAS,JWOA,CS + Math,2004,M
789,DHTU,YRHT,PYLK@JC,IRKF,KBCE,Gies,OMKY,Business,2009,F
790,JDRI,LIGA,UOGD@GZ,IWVL,ORTE,LAS,KYQO,eco,2011,F
791,GZCF,CJHV,DWZX@IB,WDGB,EGRY,Engineering,YYNQ,CS,2004,M
792,MAGQ,DQTR,XOIF@PU,RCQN,RUTW,LAS,EWUX,Math,2008,M
793,WZDV,VKDY,WBOI@AD,IETD,IYXY,LAS,RDYG,CS + Math,2005,M
794,GSJM,QUNC,CSVU@ZP,CTNF,NEGO,Gies,UCCQ,Business,2010,F
795,JHIE,QRLX,KAPR@HW,DZBJ,LHHI,LAS,DFFI,eco,2007,F
796,KUZO,HNWD,OVRB@RR,PTQC,UFGL,Engineering,KFBI,CS,2017,F
797,HLWQ,WVSL,RNYI@KY,XVXR,FLRS,LAS,JGGZ,Math,2013,M
798,HGFP,JTCI,SYSV@OB,TULQ,UDMT,LAS,LBMH,CS + Math,2009,M
799,CCLK,GYFI,PJNX@BA,FYTP,VDVQ,Gies,GOTK,Business,2003,M
800,ZCBI,LHXB,AKBW@AK,YITH,GPGX,LAS,EMXX,eco,2000,F
801,JRDC,EFFH,GGOZ@AL,GBSW,CKRO,Engineering,CZFU,CS,2007,F
802,HSUH,TEQG,ZPAF@ZG,GJKI,LAIH,LAS,SMIE,Math,2007,F
803,GKJW,YQZD,CBOA@WQ,FLFF,GMGA,LAS,VCIE,CS + Math,2001,F
804,MJUQ,UWZD,CPJG@WH,TPKG,CLGU,Gies,VKPC,Business,2000,F
805,CZBX,JLRH,QWPD@CL,OCQQ,ETSG,LAS,HSRT,eco,2002,F
806,ZSEM,LIVU,PXYS@CW,DKFN,JEQT,Engineering,QKWJ,CS,2007,F
807,ZVJP,XPKA,QBGB@OS,FXWO,WNDJ,LAS,FKHB,Math,2014,M
808,VJMD,NFFE,AGDY@LU,XAUL,MDED,LAS,NAUU,CS + Math,2000,M
809,NXQW,AQSJ,XFEB@XE,TFRG,MDPC,Gies,HBGU,Business,2007,M
810,FMFY,ARIW,AXZH@DW,MYIB,QJXC,LAS,DLZX,eco,2008,F
811,HDUY,DQOX,LKRR@TY,GURU,ECVJ,Engineering,ZNAO,CS,2011,M
812,UHGH,HXIQ,ERPM@SY,CZDG,OHOU,LAS,SOHD,Math,2014,F
813,RYBJ,FTEA,GKCV@FZ,FNPR,VVLK,LAS,YHRB,CS + Math,2001,F
814,VIRQ,XXQU,ANGO@TC,WYRT,LNWE,Gies,MIJV,Business,2019,M
815,XHYX,SCLS,RFRC@VE,KBDH,ALBK,LAS,WQNJ,eco,2004,M
816,VHPO,HLPM,JJAK@RX,GDRM,ZEWB,Engineering,KRQU,CS,2009,F
817,HAER,JNTM,IRGQ@MB,JKPR,GIPQ,LAS,KHMQ,Math,2016,F
818,TTLT,LLAL,NLVR@JZ,NXZL,PVHT,LAS,MEBN,CS + Math,2016,F
819,PYJS,SJQI,JXRZ@EV,MLBV,OCKQ,Gies,GSJW,Business,2003,M
820,CWTZ,MYVB,OATN@ZI,WPRI,IVLU,LAS,XNDL,eco,2007,F
821,GDNP,ZYAE,OXVY@TM,ZVSB,VIJO,Engineering,TPZM,CS,2014,M
822,AGFT,LRKG,ZBTV@RG,YUSX,RCOD,LAS,LYDA,Math,2011,M
823,FPCW,LRYY,OPBG@AD,LPMX,IMEE,LAS,RLXH,CS + Math,2007,F
824,TTBV,YOWN,ICHO@GW,HHWV,SUJB,Gies,LFOY,Business,2005,M
825,FHNT,RXJN,PNYT@JC,IGYN,HBZM,LAS,JHSL,eco,2018,M
826,FZEG,SEYM,CMHZ@YJ,BZJE,CYEY,Engineering,UYRN,CS,2016,M
827,QBEY,NJRF,MPWM@PL,CWEQ,SZMF,LAS,AOGM,Math,2007,F
828,QLUO,YGGX,VJHE@YB,WAAX,OVTC,LAS,TFME,CS + Math,2008,F
829,FDUK,UKLZ,BZZX@UL,RTYS,QTJD,Gies,UYKK,Business,2006,F
830,CXAB,YJHY,FSLW@WY,DSUL,TLZE,LAS,OZIN,eco,2011,F
831,QOFL,NXGD,UATW@DB,NQFI,RSOY,Engineering,FHVD,CS,2015,M
832,KBAE,XODG,WBAO@AN,DLHI,UKYS,LAS,VVPO,Math,2017,F
833,BADA,KVLS,UOQZ@RH,UQER,BCAT,LAS,TEUG,CS + Math,2007,M
834,MBYN,LXBJ,KXAS@VT,BZAS,FREC,Gies,YVZL,Business,2016,M
835,SEMD,IMOZ,RJHR@HC,MYWZ,PBIV,LAS,NAPC,eco,2009,F
836,EIPA,JWJB,NVXE@CL,YDJS,IFJF,Engineering,OVZF,CS,2013,M
837,NYJG,URFE,GNMC@CW,FQMW,VHEQ,LAS,RRDB,Math,2006,F
838,BGBX,AOIL,ZBMX@MZ,QCGQ,IYUL,LAS,UVFD,CS + Math,2018,M
839,RWFM,IYUF,XVUR@BO,DXGX,ZKAE,Gies,KXKC,Business,2010,F
840,CTVU,OBIQ,QZXY@CN,CJTB,WCUU,LAS,GUFO,eco,2018,M
841,CCWT,OWOS,TKNN@LS,YCXB,ADSA,Engineering,MAIC,CS,2006,M
842,VLUK,KMQW,VNKU@SI,HULZ,JIVT,LAS,XTYQ,Math,2003,M
843,QGLW,MESW,WUQG@MJ,BFYG,WBBI,LAS,LONP,CS + Math,2007,M
844,RJEC,YSTL,IIJP@XC,ESRH,QWAN,Gies,HIZC,Business,2006,F
845,BPPQ,EEXN,CEOL@FI,GXZZ,IZHU,LAS,WWDJ,eco,2015,F
846,DYSO,TXFC,VFZD@MR,JXKH,YJJG,Engineering,UFZU,CS,2013,M
847,JUDH,WUFN,VSHR@BJ,RIIW,DJUX,LAS,HYVB,Math,2009,M
848,UHIH,XSKY,TIRC@TI,GFXY,KREQ,LAS,BUTA,CS + Math,2008,F
849,VDYJ,BRTX,THZM@LF,SANY,WDNA,Gies,WNGL,Business,2004,M
850,OYOE,KGAU,CPQU@PB,EAAS,SBNM,LAS,IOTK,eco,2017,M
851,HDIG,SMDF,BWFQ@FW,UKPO,WQSL,Engineering,BTEN,CS,2006,F
852,AAMR,OQUO,YGLS@UJ,AJHE,MKVH,LAS,DWIZ,Math,2001,F
853,CSCM,QFWR,MHKM@HJ,EAXQ,YMPN,LAS,MFEJ,CS + Math,2018,M
854,KEKE,HWDE,EEFZ@AD,LXOF,KWAI,Gies,EOLI,Business,2001,F
855,HFSH,BGCF,WSJT@KS,ZTOS,LRQP,LAS,JAIN,eco,2003,M
856,IWSB,NFJA,OFQR@YN,MXMP,HXIX,Engineering,TWQG,CS,2017,F
857,JMSY,LANA,VOXD@EV,KBWA,NRFE,LAS,GIQN,Math,2017,M
858,OLCV,CXUN,DLHJ@ZI,GFTB,VPNK,LAS,GCGE,CS + Math,2017,M
859,IITS,MJKW,QZCG@CE,QVTS,SSRZ,Gies,SJAQ,Business,2000,F
860,MEDX,AHVK,KRWS@GE,GYOO,YWEL,LAS,CFQQ,eco,2004,M
861,NPFE,VKFO,JSUS@AO,ANCO,CUCQ,Engineering,QDWY,CS,2018,M
862,PLSL,CZXA,XEJK@WJ,QMUE,SPNL,LAS,EECG,Math,2008,F
863,LIGY,LEPJ,RMNU@HQ,LKKF,HXMP,LAS,JOQH,CS + Math,2011,F
864,WCON,ZCNO,SQNZ@EL,NUMU,TSWI,Gies,LATQ,Business,2007,F
865,MYOP,DVBH,WRJD@TB,MEVK,FUBB,LAS,SAFY,eco,2016,F
866,YRGJ,FASZ,XUDO@DH,NAGQ,NLVY,Engineering,JGPZ,CS,2014,M
867,TWUZ,PQCI,RFUA@HG,RRHP,QZML,LAS,GIZZ,Math,2001,F
868,UFCV,AYBM,RIBU@EX,IYAK,YABW,LAS,BPPX,CS + Math,2018,F
869,BZSY,VUCJ,DHVF@LL,EPUJ,XHEL,Gies,OOMQ,Business,2004,F
870,LODZ,MCVN,SICA@PB,YQTD,DHYS,LAS,PWEO,eco,2000,M
871,SHPK,NUWI,CKKZ@AH,DLWT,DLXW,Engineering,HARS,CS,2008,M
872,EQQV,DBHQ,GTGZ@NQ,IJAY,KVLK,LAS,IFMB,Math,2015,F
873,BRSE,TLPK,PUTG@SL,FDQW,ZJIH,LAS,ZMKN,CS + Math,2002,F
874,KFSH,OUYI,IBJM@UR,MXWY,IOHG,Gies,PQAS,Business,2009,M
875,LEXU,AYGU,KQYQ@GJ,VPID,TDYT,LAS,VPVV,eco,2017,M
876,ZFOH,QUSH,QJCO@GK,VXRG,YJAC,Engineering,LFEF,CS,2019,M
877,BVXJ,TXME,NGKO@DX,VLRR,VUXZ,LAS,HUKJ,Math,2006,M
878,FTXS,WFZI,NNRY@JO,HLTU,QFEN,LAS,TZJH,CS + Math,2006,M
879,ACFN,NGJB,UHFB@AJ,GHDT,RKDK,Gies,PYCS,Business,2006,F
880,RVPD,SWWK,IIBP@PO,ZFOV,UJNF,LAS,CJXG,eco,2010,F
881,IFDQ,PDQP,MTXB@VT,JSDM,WGKV,Engineering,HQGO,CS,2005,F
882,IEKS,OHRB,CGDS@HY,PISF,ZNFC,LAS,ABYH,Math,2017,M
883,IJRV,JQOY,MLWX@CK,WKNQ,IAZW,LAS,HNFJ,CS + Math,2019,F
884,SAMS,JDNW,YMOD@RZ,VPHM,VFOZ,Gies,UTRG,Business,2004,F
885,ZTKC,KPJX,BYSM@SP,HDCB,NPMV,LAS,OACA,eco,2017,M
886,CIHM,PRCG,ZPDF@XJ,MXDZ,BWNJ,Engineering,PRUP,CS,2005,M
887,TFKY,FKVN,PGJO@HP,VXCQ,OCTE,LAS,HHXN,Math,2009,M
888,TLLV,BMZG,LXVT@FS,DVSY,MOFR,LAS,PVSI,CS + Math,2015,F
889,UJJW,ADQP,TLGF@KY,CEUT,QKAS,Gies,OZZA,Business,2015,F
890,JHRY,NTOM,HCMA@FX,RYZP,PNHI,LAS,MBPO,eco,2017,M
891,HKQJ,VZDR,UQQN@SN,GZEY,JPQH,Engineering,JLAP,CS,2003,M
892,XXSB,PKUQ,KMJR@KA,IPEX,KVFN,LAS,DPAM,Math,2013,F
893,UAQS,BOIV,SSZD@PW,KWPZ,NOLR,LAS,PERL,CS + Math,2009,M
894,YLOM,LLZS,XWQE@QA,OTPQ,WCUW,Gies,GEAY,Business,2011,F
895,KLMY,USIQ,UMIP@LK,KMGP,BUDZ,LAS,NJQQ,eco,2017,F
896,DACF,LJXM,NOFX@FK,GNVP,GNTY,Engineering,PGPB,CS,2018,M
897,XLOD,DAMS,DSFH@UI,KZNP,HBNG,LAS,EXWA,Math,2002,F
898,IVDV,SPSQ,MONW@VM,VKVT,CNYC,LAS,HSGX,CS + Math,2015,M
899,FUDE,HSTN,WPVA@QQ,SVFJ,DVKX,Gies,MCLO,Business,2016,F
900,XDOG,EIOM,EBAU@ZM,XXQL,JOCT,LAS,WFRP,eco,2017,M
901,PTKS,KLNM,WFLN@YV,JJJE,NMJC,Engineering,QFNV,CS,2007,M
902,RNON,SCCW,VOYN@PL,PMUN,BFDY,LAS,QRGZ,Math,2002,M
903,GDAV,MDNN,EGZQ@RK,VDJQ,UKGJ,LAS,WBBY,CS + Math,2004,F
904,QOFD,VTGG,CEAV@QT,RLJD,CBRZ,Gies,YSYY,Business,2003,F
905,BZMS,QSBS,DJKN@VJ,EVJM,UXKH,LAS,RVAW,eco,2008,F
906,NSFX,LHYD,EPPW@VW,DNWX,LISI,Engineering,PJHS,CS,2004,M
907,WKIK,QXGP,CVIN@CA,UWPP,HDFI,LAS,UOVA,Math,2005,F
908,CFWH,MUDI,MBPO@US,AFNO,XYXJ,LAS,NMRP,CS + Math,2006,M
909,TOKU,JHFN,SGQJ@MY,MRHY,YHAB,Gies,LHQG,Business,2000,F
910,UXQS,TSMQ,FFGB@CL,LIDI,TPOX,LAS,IDZT,eco,2009,F
911,PREE,YMZA,GPXT@CZ,SJOS,YISF,Engineering,OHFE,CS,2011,F
912,BGWT,GZKN,RATO@UG,VJHM,YSFN,LAS,SHRI,Math,2010,M
913,UKMV,SPVR,YDGB@KK,ARXZ,RATV,LAS,IGVR,CS + Math,2013,M
914,DLPC,TNKZ,NCRM@PE,PSYZ,QGCV,Gies,DFEX,Business,2004,M
915,VSJJ,BGUU,LLTK@VC,YTEL,AXCN,LAS,IKLH,eco,2019,F
916,DCLQ,KVIZ,XGOO@HU,OGAQ,FMPC,Engineering,HDJD,CS,2016,M
917,FMAG,DMMY,VZOW@BA,GEYI,KUWB,LAS,ZWXM,Math,2009,F
918,JJUN,HOIX,OEXX@MM,AZTW,PGXP,LAS,PELG,CS + Math,2001,F
919,LXKC,ZNYY,CVEK@ML,EXJV,OIIG,Gies,RBBE,Business,2000,F
920,DGZD,AVJH,HHSS@DU,HAGH,CIJQ,LAS,FLMO,eco,2002,M
921,UMFU,SHRI,PENL@IU,ZMTF,NXGS,Engineering,UFVJ,CS,2003,M
922,XTSC,CHVQ,EIJZ@VN,ISQV,ZSYT,LAS,EHRO,Math,2016,M
923,EVJY,NSNR,BYGY@FF,SUUV,HBAC,LAS,MWXS,CS + Math,2015,F
924,UNRH,PJMI,STQU@AQ,JEYC,BJBD,Gies,SHXO,Business,2007,F
925,RAZZ,IUWY,CQPA@DS,GIKS,WBWL,LAS,DLXP,eco,2011,M
926,JWGU,XPOE,JIDJ@DZ,PSSX,YCQL,Engineering,KXSY,CS,2017,F
927,JDBF,LJLI,VCXT@EF,WAZZ,XPQU,LAS,XBCP,Math,2016,F
928,YCCJ,XAZS,VCSJ@MV,JEDQ,RNMU,LAS,OMAL,CS + Math,2000,F
929,XEIT,NYXR,THJJ@YV,NJZK,STMF,Gies,ZYKT,Business,2008,F
930,NZHY,YCIL,TOIA@TA,CJZG,KHQY,LAS,ILFH,eco,2009,M
931,DVFJ,TGSI,JGBS@ZQ,VHKJ,PNWY,Engineering,BLXN,CS,2001,M
932,LURH,UCHO,BTGN@SB,XBZN,GYHS,LAS,VPER,Math,2007,F
933,UBAG,RMLG,KFVG@RD,CVZW,RLCH,LAS,SDYK,CS + Math,2003,F
934,YKJO,YISB,ZSBC@BQ,FNRI,WVNG,Gies,GRKI,Business,2001,F
935,AUUV,ZGYZ,JISO@WH,PBTT,HCZP,LAS,YNQU,eco,2012,F
936,ATCB,CZHB,WHAN@JQ,HASD,SODI,Engineering,PKJC,CS,2010,M
937,TSLD,GLPY,UNWV@NI,NRBB,MGYD,LAS,KQGE,Math,2017,F
938,ZTRW,QVJF,YWWB@SV,FHNG,FVJK,LAS,XUZK,CS + Math,2019,M
939,RWEW,KENO,HHHO@UU,CASE,SWKD,Gies,VWGU,Business,2001,M
940,JMKI,ZVFS,PXVU@IH,RMOF,DLFW,LAS,MNBR,eco,2001,F
941,IQRF,XESO,BKKT@DJ,HQZU,QCZF,Engineering,CYFE,CS,2007,F
942,YPVF,PXEX,QLLM@CD,OLFL,KLMH,LAS,JZTK,Math,2014,F
943,OFQC,JZDL,PBFL@KM,LUMF,CGRF,LAS,MAOH,CS + Math,2018,M
944,DLUH,TOAL,IGAZ@GB,ZLMJ,ABJI,Gies,UUAD,Business,2004,F
945,TKUE,MURB,XTGI@PS,YAIB,ZINW,LAS,ARFQ,eco,2010,M
946,PYWL,NBVF,HYRS@KA,UIMJ,DYTR,Engineering,SNTV,CS,2003,F
947,DJCM,EFOY,OJLL@YV,UOYJ,VTTS,LAS,WQYS,Math,2008,F
948,ZSBO,VULJ,SGMI@PG,RRQA,ZVUH,LAS,TOIK,CS + Math,2007,F
949,UKBO,KRXQ,UDPH@QZ,SZBO,LIUI,Gies,HZIQ,Business,2001,F
950,CIPQ,YMOC,BFEE@PW,AKKN,TWNH,LAS,QPZG,eco,2018,M
951,SSPY,XJND,DNJP@MR,KUTH,ZENW,Engineering,IAWZ,CS,2007,F
952,RDDU,XBFE,ZVMM@MB,GKEP,XIGJ,LAS,YPAL,Math,2018,M
953,KCBM,KGPU,PDOM@WJ,UKQD,CMDC,LAS,EPHJ,CS + Math,2017,F
954,VIAW,BCSJ,FQWN@BW,RMXB,FBYM,Gies,QJLI,Business,2014,F
955,PMAE,RONH,TZJY@NA,JGDX,RCST,LAS,URBT,eco,2005,F
956,BLWW,JVVF,FVAT@UD,MPXB,CKJV,Engineering,RTDQ,CS,2016,M
957,JUIH,JUXX,MBYL@AS,NMQS,JILM,LAS,BMZC,Math,2015,M
958,IGQK,BTYU,KLVP@SG,EUKZ,UFWP,LAS,CUYT,CS + Math,2005,F
959,HTQJ,ZXTM,FRLE@EA,SQOC,BMUQ,Gies,NQXT,Business,2018,F
960,OPWS,BEYK,ESRC@GB,RTAH,KKDB,LAS,HKXY,eco,2010,M
961,CQMY,LNUH,DZAB@EO,LPLU,YGVR,Engineering,RDBP,CS,2000,F
962,IEQK,ERXL,BRCY@ND,PCJD,DINI,LAS,KDPZ,Math,2013,M
963,ENRS,ISDL,QFLG@AR,ZHUM,EANY,LAS,OWBH,CS + Math,2015,M
964,DRVB,MSWH,SIPT@QJ,WSVH,FEUD,Gies,CUJF,Business,2010,M
965,YJDH,FGHO,ZCVO@QU,MHBO,AFKS,LAS,JHYZ,eco,2008,M
966,CTWC,HVJV,WWAR@PP,YZZT,JRCY,Engineering,BCIB,CS,2008,M
967,ABAR,KXVB,BRTW@LG,LXCY,UVVG,LAS,RAHY,Math,2009,F
968,QMLN,HYQN,SDZF@CU,IRUO,FIQW,LAS,SAYK,CS + Math,2002,M
969,COUY,LLXF,RQWA@GZ,STXG,WVTB,Gies,IOJB,Business,2005,M
970,IZZA,BVSL,EERA@XM,SULK,GWGB,LAS,OTOV,eco,2019,M
971,HERS,YUAO,UWOI@JE,NFXD,RVUG,Engineering,TEEN,CS,2010,F
972,JJVV,SXID,MVXO@ZO,NZMJ,VYUL,LAS,IYAR,Math,2017,M
973,IZCG,SRMP,SRFQ@TU,XZSS,HXNS,LAS,WFIS,CS + Math,2018,M
974,JEFJ,ADKW,XNNW@TJ,YKDV,YZIC,Gies,EPAK,Business,2002,M
975,SIAH,RSXS,OTAQ@UZ,SXTA,XKCT,LAS,OERB,eco,2008,F
976,HHSG,OVCN,LOTT@OT,GJVI,EWVJ,Engineering,WPDM,CS,2018,M
977,JDBK,RALN,NPTX@IB,DXFV,TQCS,LAS,CRSE,Math,2002,F
978,QDIY,JOXL,FSDM@KC,HZUL,PMPF,LAS,LHMZ,CS + Math,2003,F
979,PPQH,OENP,QAKD@WM,UMAD,OPQI,Gies,MXCG,Business,2016,M
980,OFTL,GJFG,SYSU@MH,YVWD,NGZY,LAS,MGKD,eco,2000,F
981,LRCN,DLJM,LKVK@ZA,ITNA,YZYO,Engineering,GJRM,CS,2018,M
982,TZWE,GIDU,WZQN@KG,ZTQJ,FYRC,LAS,EGTB,Math,2014,M
983,MBFO,JEEL,EONY@ET,TIMJ,YCNL,LAS,QDIE,CS + Math,2010,F
984,OGZQ,PAVN,EBIL@NC,CEBR,DXML,Gies,SGFF,Business,2011,M
985,HVTI,WSWP,VXCJ@MT,GXWL,QOFC,LAS,OLRE,eco,2014,F
986,UETH,HXZB,QCGQ@MX,PIJE,EMPN,Engineering,RNNV,CS,2014,M
987,XOQQ,QCBU,NWKV@GY,HFDK,KZJL,LAS,ERVP,Math,2011,F
988,OJZP,YCGD,GVGS@MP,YWBT,CJCT,LAS,OAJS,CS + Math,2000,F
989,LIOG,NNBN,XKIG@TL,NXRT,MUWY,Gies,INOG,Business,2004,M
990,AWFC,WOMV,SRJZ@TC,RCXF,ZJVF,LAS,MEYQ,eco,2007,M
991,WPBD,RRSZ,ERJG@XP,BRSZ,DOUA,Engineering,WMEV,CS,2010,F
992,DSIR,WNAV,TKNK@JK,WTVK,IKYR,LAS,YBEY,Math,2008,F
993,XYZW,LAII,PJUA@CJ,VEEB,XJIV,LAS,DHWU,CS + Math,2005,M
994,DSJA,PBBX,YPXA@HU,DBHX,OTVP,Gies,DUDC,Business,2001,M
995,BBWP,JQMU,HOIY@WP,IYYM,PNJG,LAS,VMGQ,eco,2005,M
996,VTXA,VCBI,DVNH@YA,LMAO,HQUI,Engineering,ZNIK,CS,2010,F
997,EXPF,FNWL,XHRU@FO,BJPS,BQZW,LAS,PSSV,Math,2004,M
998,FFUW,SHGP,ZCMW@WU,VQCX,MNGV,LAS,HBLZ,CS + Math,2016,M
999,ILHI,KHGI,EKVF@JL,NUBK,NHXH,Gies,JVPC,Business,2005,M
1000,MYYH,QUML,AGUI@JR,ZAAH,OPAT,LAS,WYLU,eco,2002,M